month,scheme_code,scheme_name,aum_cr,amc_name,no_of_folios
2019-01-01,119551,SBI Bluechip Fund - Direct Plan - Growth,8664.3,SBI Mutual Fund,349192
2019-02-01,119551,SBI Bluechip Fund - Direct Plan - Growth,8607.66,SBI Mutual Fund,268401
2019-03-01,119551,SBI Bluechip Fund - Direct Plan - Growth,8423.16,SBI Mutual Fund,148206
2019-04-01,119551,SBI Bluechip Fund - Direct Plan - Growth,8211.14,SBI Mutual Fund,398321
2019-05-01,119551,SBI Bluechip Fund - Direct Plan - Growth,7989.97,SBI Mutual Fund,400337
2019-06-01,119551,SBI Bluechip Fund - Direct Plan - Growth,8187.9,SBI Mutual Fund,94886
2019-07-01,119551,SBI Bluechip Fund - Direct Plan - Growth,8046.4,SBI Mutual Fund,324456
2019-08-01,119551,SBI Bluechip Fund - Direct Plan - Growth,7837.26,SBI Mutual Fund,239060
2019-09-01,119551,SBI Bluechip Fund - Direct Plan - Growth,8044.26,SBI Mutual Fund,85483
2019-10-01,119551,SBI Bluechip Fund - Direct Plan - Growth,8163.63,SBI Mutual Fund,325806
2019-11-01,119551,SBI Bluechip Fund - Direct Plan - Growth,8440.2,SBI Mutual Fund,335255
2019-12-01,119551,SBI Bluechip Fund - Direct Plan - Growth,8612.19,SBI Mutual Fund,315985
2020-01-01,119551,SBI Bluechip Fund - Direct Plan - Growth,8460.67,SBI Mutual Fund,462306
2020-02-01,119551,SBI Bluechip Fund - Direct Plan - Growth,8522.29,SBI Mutual Fund,316140
2020-03-01,119551,SBI Bluechip Fund - Direct Plan - Growth,8596.9,SBI Mutual Fund,340535
2020-04-01,119551,SBI Bluechip Fund - Direct Plan - Growth,8402.82,SBI Mutual Fund,60661
2020-05-01,119551,SBI Bluechip Fund - Direct Plan - Growth,8166.38,SBI Mutual Fund,254710
2020-06-01,119551,SBI Bluechip Fund - Direct Plan - Growth,8040.44,SBI Mutual Fund,296486
2020-07-01,119551,SBI Bluechip Fund - Direct Plan - Growth,8571.89,SBI Mutual Fund,72824
2020-08-01,119551,SBI Bluechip Fund - Direct Plan - Growth,8508.61,SBI Mutual Fund,383274
2020-09-01,119551,SBI Bluechip Fund - Direct Plan - Growth,8865.86,SBI Mutual Fund,252837
2020-10-01,119551,SBI Bluechip Fund - Direct Plan - Growth,8785.53,SBI Mutual Fund,245717
2020-11-01,119551,SBI Bluechip Fund - Direct Plan - Growth,9063.73,SBI Mutual Fund,182985
2020-12-01,119551,SBI Bluechip Fund - Direct Plan - Growth,9354.44,SBI Mutual Fund,441809
2021-01-01,119551,SBI Bluechip Fund - Direct Plan - Growth,9668.55,SBI Mutual Fund,58515
2021-02-01,119551,SBI Bluechip Fund - Direct Plan - Growth,9829.38,SBI Mutual Fund,237220
2021-03-01,119551,SBI Bluechip Fund - Direct Plan - Growth,10284.69,SBI Mutual Fund,463411
2021-04-01,119551,SBI Bluechip Fund - Direct Plan - Growth,10452.85,SBI Mutual Fund,85420
2021-05-01,119551,SBI Bluechip Fund - Direct Plan - Growth,11042.45,SBI Mutual Fund,230775
2021-06-01,119551,SBI Bluechip Fund - Direct Plan - Growth,10561.03,SBI Mutual Fund,176419
2021-07-01,119551,SBI Bluechip Fund - Direct Plan - Growth,10724.18,SBI Mutual Fund,434272
2021-08-01,119551,SBI Bluechip Fund - Direct Plan - Growth,10868.95,SBI Mutual Fund,394511
2021-09-01,119551,SBI Bluechip Fund - Direct Plan - Growth,10617.93,SBI Mutual Fund,379387
2021-10-01,119551,SBI Bluechip Fund - Direct Plan - Growth,10855.64,SBI Mutual Fund,104349
2021-11-01,119551,SBI Bluechip Fund - Direct Plan - Growth,10424.64,SBI Mutual Fund,454488
2021-12-01,119551,SBI Bluechip Fund - Direct Plan - Growth,10272.17,SBI Mutual Fund,355084
2022-01-01,119551,SBI Bluechip Fund - Direct Plan - Growth,9707.49,SBI Mutual Fund,435449
2022-02-01,119551,SBI Bluechip Fund - Direct Plan - Growth,10209.93,SBI Mutual Fund,446717
2022-03-01,119551,SBI Bluechip Fund - Direct Plan - Growth,10190.06,SBI Mutual Fund,224335
2022-04-01,119551,SBI Bluechip Fund - Direct Plan - Growth,10903.43,SBI Mutual Fund,119945
2022-05-01,119551,SBI Bluechip Fund - Direct Plan - Growth,11220.6,SBI Mutual Fund,73244
2022-06-01,119551,SBI Bluechip Fund - Direct Plan - Growth,11427.54,SBI Mutual Fund,234706
2022-07-01,119551,SBI Bluechip Fund - Direct Plan - Growth,11283.7,SBI Mutual Fund,336268
2022-08-01,119551,SBI Bluechip Fund - Direct Plan - Growth,10985.92,SBI Mutual Fund,227496
2022-09-01,119551,SBI Bluechip Fund - Direct Plan - Growth,11213.21,SBI Mutual Fund,476512
2022-10-01,119551,SBI Bluechip Fund - Direct Plan - Growth,11245.22,SBI Mutual Fund,387010
2022-11-01,119551,SBI Bluechip Fund - Direct Plan - Growth,10849.63,SBI Mutual Fund,141797
2022-12-01,119551,SBI Bluechip Fund - Direct Plan - Growth,10410.16,SBI Mutual Fund,485360
2023-01-01,119551,SBI Bluechip Fund - Direct Plan - Growth,10162.8,SBI Mutual Fund,458495
2023-02-01,119551,SBI Bluechip Fund - Direct Plan - Growth,10768.8,SBI Mutual Fund,408970
2023-03-01,119551,SBI Bluechip Fund - Direct Plan - Growth,11537.67,SBI Mutual Fund,293596
2023-04-01,119551,SBI Bluechip Fund - Direct Plan - Growth,11666.31,SBI Mutual Fund,414584
2023-05-01,119551,SBI Bluechip Fund - Direct Plan - Growth,11776.77,SBI Mutual Fund,300888
2023-06-01,119551,SBI Bluechip Fund - Direct Plan - Growth,11716.83,SBI Mutual Fund,381211
2023-07-01,119551,SBI Bluechip Fund - Direct Plan - Growth,11446.94,SBI Mutual Fund,145566
2023-08-01,119551,SBI Bluechip Fund - Direct Plan - Growth,11976.43,SBI Mutual Fund,475458
2023-09-01,119551,SBI Bluechip Fund - Direct Plan - Growth,12709.47,SBI Mutual Fund,120701
2023-10-01,119551,SBI Bluechip Fund - Direct Plan - Growth,12432.37,SBI Mutual Fund,83082
2023-11-01,119551,SBI Bluechip Fund - Direct Plan - Growth,12463.64,SBI Mutual Fund,425413
2023-12-01,119551,SBI Bluechip Fund - Direct Plan - Growth,12357.75,SBI Mutual Fund,456947
2019-01-01,120503,ICICI Prudential Bluechip Fund - Direct - Growth,18840.47,ICICI Prudential Mutual Fund,69390
2019-02-01,120503,ICICI Prudential Bluechip Fund - Direct - Growth,19604.97,ICICI Prudential Mutual Fund,203848
2019-03-01,120503,ICICI Prudential Bluechip Fund - Direct - Growth,18931.36,ICICI Prudential Mutual Fund,155691
2019-04-01,120503,ICICI Prudential Bluechip Fund - Direct - Growth,19290.95,ICICI Prudential Mutual Fund,72967
2019-05-01,120503,ICICI Prudential Bluechip Fund - Direct - Growth,19808.85,ICICI Prudential Mutual Fund,464769
2019-06-01,120503,ICICI Prudential Bluechip Fund - Direct - Growth,19823.42,ICICI Prudential Mutual Fund,154579
2019-07-01,120503,ICICI Prudential Bluechip Fund - Direct - Growth,20453.65,ICICI Prudential Mutual Fund,71970
2019-08-01,120503,ICICI Prudential Bluechip Fund - Direct - Growth,20646.52,ICICI Prudential Mutual Fund,215463
2019-09-01,120503,ICICI Prudential Bluechip Fund - Direct - Growth,21503.63,ICICI Prudential Mutual Fund,212569
2019-10-01,120503,ICICI Prudential Bluechip Fund - Direct - Growth,20629.16,ICICI Prudential Mutual Fund,320209
2019-11-01,120503,ICICI Prudential Bluechip Fund - Direct - Growth,20516.46,ICICI Prudential Mutual Fund,258784
2019-12-01,120503,ICICI Prudential Bluechip Fund - Direct - Growth,20574.84,ICICI Prudential Mutual Fund,477507
2020-01-01,120503,ICICI Prudential Bluechip Fund - Direct - Growth,19028.31,ICICI Prudential Mutual Fund,334704
2020-02-01,120503,ICICI Prudential Bluechip Fund - Direct - Growth,18503.54,ICICI Prudential Mutual Fund,298197
2020-03-01,120503,ICICI Prudential Bluechip Fund - Direct - Growth,18144.42,ICICI Prudential Mutual Fund,182809
2020-04-01,120503,ICICI Prudential Bluechip Fund - Direct - Growth,18751.28,ICICI Prudential Mutual Fund,69199
2020-05-01,120503,ICICI Prudential Bluechip Fund - Direct - Growth,18447.41,ICICI Prudential Mutual Fund,444941
2020-06-01,120503,ICICI Prudential Bluechip Fund - Direct - Growth,18086.91,ICICI Prudential Mutual Fund,389162
2020-07-01,120503,ICICI Prudential Bluechip Fund - Direct - Growth,18620.91,ICICI Prudential Mutual Fund,150193
2020-08-01,120503,ICICI Prudential Bluechip Fund - Direct - Growth,17810.21,ICICI Prudential Mutual Fund,200004
2020-09-01,120503,ICICI Prudential Bluechip Fund - Direct - Growth,16792.58,ICICI Prudential Mutual Fund,237157
2020-10-01,120503,ICICI Prudential Bluechip Fund - Direct - Growth,16694.38,ICICI Prudential Mutual Fund,459385
2020-11-01,120503,ICICI Prudential Bluechip Fund - Direct - Growth,16052.8,ICICI Prudential Mutual Fund,75063
2020-12-01,120503,ICICI Prudential Bluechip Fund - Direct - Growth,15454.18,ICICI Prudential Mutual Fund,393792
2021-01-01,120503,ICICI Prudential Bluechip Fund - Direct - Growth,15797.31,ICICI Prudential Mutual Fund,224024
2021-02-01,120503,ICICI Prudential Bluechip Fund - Direct - Growth,16291.44,ICICI Prudential Mutual Fund,193244
2021-03-01,120503,ICICI Prudential Bluechip Fund - Direct - Growth,16758.45,ICICI Prudential Mutual Fund,115260
2021-04-01,120503,ICICI Prudential Bluechip Fund - Direct - Growth,17399.68,ICICI Prudential Mutual Fund,469085
2021-05-01,120503,ICICI Prudential Bluechip Fund - Direct - Growth,18134.54,ICICI Prudential Mutual Fund,242948
2021-06-01,120503,ICICI Prudential Bluechip Fund - Direct - Growth,17067.18,ICICI Prudential Mutual Fund,279088
2021-07-01,120503,ICICI Prudential Bluechip Fund - Direct - Growth,17383.14,ICICI Prudential Mutual Fund,259726
2021-08-01,120503,ICICI Prudential Bluechip Fund - Direct - Growth,17193.86,ICICI Prudential Mutual Fund,439707
2021-09-01,120503,ICICI Prudential Bluechip Fund - Direct - Growth,16894.3,ICICI Prudential Mutual Fund,280548
2021-10-01,120503,ICICI Prudential Bluechip Fund - Direct - Growth,17262.81,ICICI Prudential Mutual Fund,252713
2021-11-01,120503,ICICI Prudential Bluechip Fund - Direct - Growth,16453.03,ICICI Prudential Mutual Fund,227752
2021-12-01,120503,ICICI Prudential Bluechip Fund - Direct - Growth,15670.96,ICICI Prudential Mutual Fund,147946
2022-01-01,120503,ICICI Prudential Bluechip Fund - Direct - Growth,16047.18,ICICI Prudential Mutual Fund,310153
2022-02-01,120503,ICICI Prudential Bluechip Fund - Direct - Growth,16362.24,ICICI Prudential Mutual Fund,412843
2022-03-01,120503,ICICI Prudential Bluechip Fund - Direct - Growth,16511.17,ICICI Prudential Mutual Fund,310845
2022-04-01,120503,ICICI Prudential Bluechip Fund - Direct - Growth,16157.87,ICICI Prudential Mutual Fund,242595
2022-05-01,120503,ICICI Prudential Bluechip Fund - Direct - Growth,16599.22,ICICI Prudential Mutual Fund,468010
2022-06-01,120503,ICICI Prudential Bluechip Fund - Direct - Growth,17021.0,ICICI Prudential Mutual Fund,322250
2022-07-01,120503,ICICI Prudential Bluechip Fund - Direct - Growth,17149.66,ICICI Prudential Mutual Fund,189838
2022-08-01,120503,ICICI Prudential Bluechip Fund - Direct - Growth,16629.69,ICICI Prudential Mutual Fund,470032
2022-09-01,120503,ICICI Prudential Bluechip Fund - Direct - Growth,16500.68,ICICI Prudential Mutual Fund,93312
2022-10-01,120503,ICICI Prudential Bluechip Fund - Direct - Growth,16997.93,ICICI Prudential Mutual Fund,431200
2022-11-01,120503,ICICI Prudential Bluechip Fund - Direct - Growth,17759.71,ICICI Prudential Mutual Fund,272560
2022-12-01,120503,ICICI Prudential Bluechip Fund - Direct - Growth,17674.53,ICICI Prudential Mutual Fund,91380
2023-01-01,120503,ICICI Prudential Bluechip Fund - Direct - Growth,17630.52,ICICI Prudential Mutual Fund,275762
2023-02-01,120503,ICICI Prudential Bluechip Fund - Direct - Growth,17633.15,ICICI Prudential Mutual Fund,365859
2023-03-01,120503,ICICI Prudential Bluechip Fund - Direct - Growth,17866.73,ICICI Prudential Mutual Fund,481143
2023-04-01,120503,ICICI Prudential Bluechip Fund - Direct - Growth,17644.61,ICICI Prudential Mutual Fund,144611
2023-05-01,120503,ICICI Prudential Bluechip Fund - Direct - Growth,16200.83,ICICI Prudential Mutual Fund,335985
2023-06-01,120503,ICICI Prudential Bluechip Fund - Direct - Growth,16861.55,ICICI Prudential Mutual Fund,204018
2023-07-01,120503,ICICI Prudential Bluechip Fund - Direct - Growth,17853.7,ICICI Prudential Mutual Fund,218407
2023-08-01,120503,ICICI Prudential Bluechip Fund - Direct - Growth,17614.96,ICICI Prudential Mutual Fund,103790
2023-09-01,120503,ICICI Prudential Bluechip Fund - Direct - Growth,17139.36,ICICI Prudential Mutual Fund,91979
2023-10-01,120503,ICICI Prudential Bluechip Fund - Direct - Growth,17154.56,ICICI Prudential Mutual Fund,221924
2023-11-01,120503,ICICI Prudential Bluechip Fund - Direct - Growth,17143.84,ICICI Prudential Mutual Fund,396512
2023-12-01,120503,ICICI Prudential Bluechip Fund - Direct - Growth,17741.57,ICICI Prudential Mutual Fund,205000
2019-01-01,118632,Nippon India Large Cap Fund - Direct - Growth,7566.83,Nippon India Mutual Fund,365947
2019-02-01,118632,Nippon India Large Cap Fund - Direct - Growth,7424.74,Nippon India Mutual Fund,426262
2019-03-01,118632,Nippon India Large Cap Fund - Direct - Growth,7168.19,Nippon India Mutual Fund,273407
2019-04-01,118632,Nippon India Large Cap Fund - Direct - Growth,7390.19,Nippon India Mutual Fund,137369
2019-05-01,118632,Nippon India Large Cap Fund - Direct - Growth,7560.05,Nippon India Mutual Fund,411635
2019-06-01,118632,Nippon India Large Cap Fund - Direct - Growth,7838.39,Nippon India Mutual Fund,282735
2019-07-01,118632,Nippon India Large Cap Fund - Direct - Growth,7649.91,Nippon India Mutual Fund,234311
2019-08-01,118632,Nippon India Large Cap Fund - Direct - Growth,8110.08,Nippon India Mutual Fund,284424
2019-09-01,118632,Nippon India Large Cap Fund - Direct - Growth,7726.38,Nippon India Mutual Fund,72206
2019-10-01,118632,Nippon India Large Cap Fund - Direct - Growth,7929.49,Nippon India Mutual Fund,431060
2019-11-01,118632,Nippon India Large Cap Fund - Direct - Growth,7514.88,Nippon India Mutual Fund,234842
2019-12-01,118632,Nippon India Large Cap Fund - Direct - Growth,7374.28,Nippon India Mutual Fund,372359
2020-01-01,118632,Nippon India Large Cap Fund - Direct - Growth,7756.49,Nippon India Mutual Fund,278034
2020-02-01,118632,Nippon India Large Cap Fund - Direct - Growth,7988.73,Nippon India Mutual Fund,193946
2020-03-01,118632,Nippon India Large Cap Fund - Direct - Growth,7897.76,Nippon India Mutual Fund,385266
2020-04-01,118632,Nippon India Large Cap Fund - Direct - Growth,7814.32,Nippon India Mutual Fund,464962
2020-05-01,118632,Nippon India Large Cap Fund - Direct - Growth,7876.98,Nippon India Mutual Fund,80072
2020-06-01,118632,Nippon India Large Cap Fund - Direct - Growth,8037.86,Nippon India Mutual Fund,89343
2020-07-01,118632,Nippon India Large Cap Fund - Direct - Growth,8379.85,Nippon India Mutual Fund,401893
2020-08-01,118632,Nippon India Large Cap Fund - Direct - Growth,8307.06,Nippon India Mutual Fund,384240
2020-09-01,118632,Nippon India Large Cap Fund - Direct - Growth,7946.92,Nippon India Mutual Fund,262971
2020-10-01,118632,Nippon India Large Cap Fund - Direct - Growth,8024.08,Nippon India Mutual Fund,240479
2020-11-01,118632,Nippon India Large Cap Fund - Direct - Growth,7954.08,Nippon India Mutual Fund,319004
2020-12-01,118632,Nippon India Large Cap Fund - Direct - Growth,7683.49,Nippon India Mutual Fund,470005
2021-01-01,118632,Nippon India Large Cap Fund - Direct - Growth,7790.52,Nippon India Mutual Fund,443162
2021-02-01,118632,Nippon India Large Cap Fund - Direct - Growth,7779.67,Nippon India Mutual Fund,406206
2021-03-01,118632,Nippon India Large Cap Fund - Direct - Growth,7890.1,Nippon India Mutual Fund,133879
2021-04-01,118632,Nippon India Large Cap Fund - Direct - Growth,7717.84,Nippon India Mutual Fund,66326
2021-05-01,118632,Nippon India Large Cap Fund - Direct - Growth,7869.12,Nippon India Mutual Fund,124857
2021-06-01,118632,Nippon India Large Cap Fund - Direct - Growth,7597.53,Nippon India Mutual Fund,494947
2021-07-01,118632,Nippon India Large Cap Fund - Direct - Growth,7446.86,Nippon India Mutual Fund,368543
2021-08-01,118632,Nippon India Large Cap Fund - Direct - Growth,7429.82,Nippon India Mutual Fund,405513
2021-09-01,118632,Nippon India Large Cap Fund - Direct - Growth,7855.21,Nippon India Mutual Fund,459632
2021-10-01,118632,Nippon India Large Cap Fund - Direct - Growth,8079.44,Nippon India Mutual Fund,279728
2021-11-01,118632,Nippon India Large Cap Fund - Direct - Growth,8380.93,Nippon India Mutual Fund,68244
2021-12-01,118632,Nippon India Large Cap Fund - Direct - Growth,8779.13,Nippon India Mutual Fund,116180
2022-01-01,118632,Nippon India Large Cap Fund - Direct - Growth,9771.91,Nippon India Mutual Fund,85249
2022-02-01,118632,Nippon India Large Cap Fund - Direct - Growth,9832.96,Nippon India Mutual Fund,173729
2022-03-01,118632,Nippon India Large Cap Fund - Direct - Growth,10301.13,Nippon India Mutual Fund,458166
2022-04-01,118632,Nippon India Large Cap Fund - Direct - Growth,10665.58,Nippon India Mutual Fund,388251
2022-05-01,118632,Nippon India Large Cap Fund - Direct - Growth,11037.6,Nippon India Mutual Fund,242061
2022-06-01,118632,Nippon India Large Cap Fund - Direct - Growth,11680.29,Nippon India Mutual Fund,239871
2022-07-01,118632,Nippon India Large Cap Fund - Direct - Growth,11591.76,Nippon India Mutual Fund,250725
2022-08-01,118632,Nippon India Large Cap Fund - Direct - Growth,11476.3,Nippon India Mutual Fund,347399
2022-09-01,118632,Nippon India Large Cap Fund - Direct - Growth,11643.77,Nippon India Mutual Fund,66979
2022-10-01,118632,Nippon India Large Cap Fund - Direct - Growth,11638.17,Nippon India Mutual Fund,367243
2022-11-01,118632,Nippon India Large Cap Fund - Direct - Growth,11807.57,Nippon India Mutual Fund,130445
2022-12-01,118632,Nippon India Large Cap Fund - Direct - Growth,12420.17,Nippon India Mutual Fund,406024
2023-01-01,118632,Nippon India Large Cap Fund - Direct - Growth,12304.11,Nippon India Mutual Fund,285889
2023-02-01,118632,Nippon India Large Cap Fund - Direct - Growth,12253.17,Nippon India Mutual Fund,244492
2023-03-01,118632,Nippon India Large Cap Fund - Direct - Growth,12378.51,Nippon India Mutual Fund,245042
2023-04-01,118632,Nippon India Large Cap Fund - Direct - Growth,12355.62,Nippon India Mutual Fund,282752
2023-05-01,118632,Nippon India Large Cap Fund - Direct - Growth,11707.93,Nippon India Mutual Fund,450076
2023-06-01,118632,Nippon India Large Cap Fund - Direct - Growth,11562.71,Nippon India Mutual Fund,90310
2023-07-01,118632,Nippon India Large Cap Fund - Direct - Growth,11858.96,Nippon India Mutual Fund,350900
2023-08-01,118632,Nippon India Large Cap Fund - Direct - Growth,12429.69,Nippon India Mutual Fund,122191
2023-09-01,118632,Nippon India Large Cap Fund - Direct - Growth,12061.29,Nippon India Mutual Fund,327589
2023-10-01,118632,Nippon India Large Cap Fund - Direct - Growth,11702.12,Nippon India Mutual Fund,242387
2023-11-01,118632,Nippon India Large Cap Fund - Direct - Growth,11771.25,Nippon India Mutual Fund,258684
2023-12-01,118632,Nippon India Large Cap Fund - Direct - Growth,11097.14,Nippon India Mutual Fund,214828
2019-01-01,119092,Axis Bluechip Fund - Direct Plan - Growth,13577.78,Axis Mutual Fund,180868
2019-02-01,119092,Axis Bluechip Fund - Direct Plan - Growth,12938.52,Axis Mutual Fund,109479
2019-03-01,119092,Axis Bluechip Fund - Direct Plan - Growth,13534.62,Axis Mutual Fund,63586
2019-04-01,119092,Axis Bluechip Fund - Direct Plan - Growth,13289.91,Axis Mutual Fund,435705
2019-05-01,119092,Axis Bluechip Fund - Direct Plan - Growth,14015.34,Axis Mutual Fund,147542
2019-06-01,119092,Axis Bluechip Fund - Direct Plan - Growth,14553.61,Axis Mutual Fund,311642
2019-07-01,119092,Axis Bluechip Fund - Direct Plan - Growth,14344.19,Axis Mutual Fund,321447
2019-08-01,119092,Axis Bluechip Fund - Direct Plan - Growth,13954.62,Axis Mutual Fund,252892
2019-09-01,119092,Axis Bluechip Fund - Direct Plan - Growth,13943.37,Axis Mutual Fund,344478
2019-10-01,119092,Axis Bluechip Fund - Direct Plan - Growth,13969.31,Axis Mutual Fund,111740
2019-11-01,119092,Axis Bluechip Fund - Direct Plan - Growth,14184.22,Axis Mutual Fund,187246
2019-12-01,119092,Axis Bluechip Fund - Direct Plan - Growth,13924.7,Axis Mutual Fund,456304
2020-01-01,119092,Axis Bluechip Fund - Direct Plan - Growth,14306.13,Axis Mutual Fund,186466
2020-02-01,119092,Axis Bluechip Fund - Direct Plan - Growth,14491.53,Axis Mutual Fund,419118
2020-03-01,119092,Axis Bluechip Fund - Direct Plan - Growth,14416.0,Axis Mutual Fund,283975
2020-04-01,119092,Axis Bluechip Fund - Direct Plan - Growth,14180.14,Axis Mutual Fund,162496
2020-05-01,119092,Axis Bluechip Fund - Direct Plan - Growth,14172.39,Axis Mutual Fund,370799
2020-06-01,119092,Axis Bluechip Fund - Direct Plan - Growth,13895.93,Axis Mutual Fund,199724
2020-07-01,119092,Axis Bluechip Fund - Direct Plan - Growth,13989.77,Axis Mutual Fund,413845
2020-08-01,119092,Axis Bluechip Fund - Direct Plan - Growth,14095.58,Axis Mutual Fund,307530
2020-09-01,119092,Axis Bluechip Fund - Direct Plan - Growth,14276.72,Axis Mutual Fund,154951
2020-10-01,119092,Axis Bluechip Fund - Direct Plan - Growth,15104.59,Axis Mutual Fund,114297
2020-11-01,119092,Axis Bluechip Fund - Direct Plan - Growth,15120.1,Axis Mutual Fund,121160
2020-12-01,119092,Axis Bluechip Fund - Direct Plan - Growth,15651.39,Axis Mutual Fund,497126
2021-01-01,119092,Axis Bluechip Fund - Direct Plan - Growth,15837.45,Axis Mutual Fund,88824
2021-02-01,119092,Axis Bluechip Fund - Direct Plan - Growth,15803.44,Axis Mutual Fund,287000
2021-03-01,119092,Axis Bluechip Fund - Direct Plan - Growth,15825.96,Axis Mutual Fund,140521
2021-04-01,119092,Axis Bluechip Fund - Direct Plan - Growth,15877.16,Axis Mutual Fund,424011
2021-05-01,119092,Axis Bluechip Fund - Direct Plan - Growth,16089.8,Axis Mutual Fund,283366
2021-06-01,119092,Axis Bluechip Fund - Direct Plan - Growth,15707.19,Axis Mutual Fund,96027
2021-07-01,119092,Axis Bluechip Fund - Direct Plan - Growth,15095.24,Axis Mutual Fund,474942
2021-08-01,119092,Axis Bluechip Fund - Direct Plan - Growth,15467.02,Axis Mutual Fund,407527
2021-09-01,119092,Axis Bluechip Fund - Direct Plan - Growth,15961.09,Axis Mutual Fund,493296
2021-10-01,119092,Axis Bluechip Fund - Direct Plan - Growth,16397.93,Axis Mutual Fund,217556
2021-11-01,119092,Axis Bluechip Fund - Direct Plan - Growth,16556.16,Axis Mutual Fund,400140
2021-12-01,119092,Axis Bluechip Fund - Direct Plan - Growth,17020.01,Axis Mutual Fund,232150
2022-01-01,119092,Axis Bluechip Fund - Direct Plan - Growth,17469.39,Axis Mutual Fund,422003
2022-02-01,119092,Axis Bluechip Fund - Direct Plan - Growth,17969.51,Axis Mutual Fund,84046
2022-03-01,119092,Axis Bluechip Fund - Direct Plan - Growth,17596.0,Axis Mutual Fund,338356
2022-04-01,119092,Axis Bluechip Fund - Direct Plan - Growth,17104.92,Axis Mutual Fund,334253
2022-05-01,119092,Axis Bluechip Fund - Direct Plan - Growth,16991.05,Axis Mutual Fund,202233
2022-06-01,119092,Axis Bluechip Fund - Direct Plan - Growth,17067.14,Axis Mutual Fund,207263
2022-07-01,119092,Axis Bluechip Fund - Direct Plan - Growth,17028.61,Axis Mutual Fund,496358
2022-08-01,119092,Axis Bluechip Fund - Direct Plan - Growth,16155.03,Axis Mutual Fund,132578
2022-09-01,119092,Axis Bluechip Fund - Direct Plan - Growth,17070.23,Axis Mutual Fund,423192
2022-10-01,119092,Axis Bluechip Fund - Direct Plan - Growth,17015.24,Axis Mutual Fund,422015
2022-11-01,119092,Axis Bluechip Fund - Direct Plan - Growth,17188.47,Axis Mutual Fund,417116
2022-12-01,119092,Axis Bluechip Fund - Direct Plan - Growth,17916.17,Axis Mutual Fund,384338
2023-01-01,119092,Axis Bluechip Fund - Direct Plan - Growth,16745.36,Axis Mutual Fund,141273
2023-02-01,119092,Axis Bluechip Fund - Direct Plan - Growth,16572.04,Axis Mutual Fund,466125
2023-03-01,119092,Axis Bluechip Fund - Direct Plan - Growth,16462.44,Axis Mutual Fund,239526
2023-04-01,119092,Axis Bluechip Fund - Direct Plan - Growth,16378.65,Axis Mutual Fund,316734
2023-05-01,119092,Axis Bluechip Fund - Direct Plan - Growth,16375.3,Axis Mutual Fund,167567
2023-06-01,119092,Axis Bluechip Fund - Direct Plan - Growth,17168.1,Axis Mutual Fund,113628
2023-07-01,119092,Axis Bluechip Fund - Direct Plan - Growth,17600.8,Axis Mutual Fund,155371
2023-08-01,119092,Axis Bluechip Fund - Direct Plan - Growth,18194.67,Axis Mutual Fund,465270
2023-09-01,119092,Axis Bluechip Fund - Direct Plan - Growth,18311.36,Axis Mutual Fund,122811
2023-10-01,119092,Axis Bluechip Fund - Direct Plan - Growth,17634.19,Axis Mutual Fund,174117
2023-11-01,119092,Axis Bluechip Fund - Direct Plan - Growth,16622.14,Axis Mutual Fund,464383
2023-12-01,119092,Axis Bluechip Fund - Direct Plan - Growth,15942.59,Axis Mutual Fund,309009
2019-01-01,120841,Kotak Bluechip Fund - Direct Plan - Growth,2512.17,Kotak Mahindra Mutual Fund,340466
2019-02-01,120841,Kotak Bluechip Fund - Direct Plan - Growth,2527.13,Kotak Mahindra Mutual Fund,350038
2019-03-01,120841,Kotak Bluechip Fund - Direct Plan - Growth,2523.83,Kotak Mahindra Mutual Fund,243415
2019-04-01,120841,Kotak Bluechip Fund - Direct Plan - Growth,2508.54,Kotak Mahindra Mutual Fund,295055
2019-05-01,120841,Kotak Bluechip Fund - Direct Plan - Growth,2672.48,Kotak Mahindra Mutual Fund,471350
2019-06-01,120841,Kotak Bluechip Fund - Direct Plan - Growth,2619.86,Kotak Mahindra Mutual Fund,339221
2019-07-01,120841,Kotak Bluechip Fund - Direct Plan - Growth,2705.89,Kotak Mahindra Mutual Fund,118037
2019-08-01,120841,Kotak Bluechip Fund - Direct Plan - Growth,2719.57,Kotak Mahindra Mutual Fund,370837
2019-09-01,120841,Kotak Bluechip Fund - Direct Plan - Growth,2728.2,Kotak Mahindra Mutual Fund,95201
2019-10-01,120841,Kotak Bluechip Fund - Direct Plan - Growth,2838.14,Kotak Mahindra Mutual Fund,84470
2019-11-01,120841,Kotak Bluechip Fund - Direct Plan - Growth,2976.86,Kotak Mahindra Mutual Fund,212157
2019-12-01,120841,Kotak Bluechip Fund - Direct Plan - Growth,2970.35,Kotak Mahindra Mutual Fund,258750
2020-01-01,120841,Kotak Bluechip Fund - Direct Plan - Growth,3056.42,Kotak Mahindra Mutual Fund,425879
2020-02-01,120841,Kotak Bluechip Fund - Direct Plan - Growth,3105.07,Kotak Mahindra Mutual Fund,426894
2020-03-01,120841,Kotak Bluechip Fund - Direct Plan - Growth,3121.28,Kotak Mahindra Mutual Fund,300958
2020-04-01,120841,Kotak Bluechip Fund - Direct Plan - Growth,3156.02,Kotak Mahindra Mutual Fund,325615
2020-05-01,120841,Kotak Bluechip Fund - Direct Plan - Growth,3106.66,Kotak Mahindra Mutual Fund,265374
2020-06-01,120841,Kotak Bluechip Fund - Direct Plan - Growth,3093.66,Kotak Mahindra Mutual Fund,453263
2020-07-01,120841,Kotak Bluechip Fund - Direct Plan - Growth,3055.24,Kotak Mahindra Mutual Fund,264661
2020-08-01,120841,Kotak Bluechip Fund - Direct Plan - Growth,3153.13,Kotak Mahindra Mutual Fund,481666
2020-09-01,120841,Kotak Bluechip Fund - Direct Plan - Growth,3159.89,Kotak Mahindra Mutual Fund,351413
2020-10-01,120841,Kotak Bluechip Fund - Direct Plan - Growth,3052.67,Kotak Mahindra Mutual Fund,88666
2020-11-01,120841,Kotak Bluechip Fund - Direct Plan - Growth,3001.69,Kotak Mahindra Mutual Fund,115707
2020-12-01,120841,Kotak Bluechip Fund - Direct Plan - Growth,2728.6,Kotak Mahindra Mutual Fund,216213
2021-01-01,120841,Kotak Bluechip Fund - Direct Plan - Growth,2701.76,Kotak Mahindra Mutual Fund,386770
2021-02-01,120841,Kotak Bluechip Fund - Direct Plan - Growth,2718.32,Kotak Mahindra Mutual Fund,88883
2021-03-01,120841,Kotak Bluechip Fund - Direct Plan - Growth,2720.81,Kotak Mahindra Mutual Fund,285916
2021-04-01,120841,Kotak Bluechip Fund - Direct Plan - Growth,2896.05,Kotak Mahindra Mutual Fund,294230
2021-05-01,120841,Kotak Bluechip Fund - Direct Plan - Growth,2960.47,Kotak Mahindra Mutual Fund,406572
2021-06-01,120841,Kotak Bluechip Fund - Direct Plan - Growth,3022.39,Kotak Mahindra Mutual Fund,321245
2021-07-01,120841,Kotak Bluechip Fund - Direct Plan - Growth,2888.5,Kotak Mahindra Mutual Fund,230624
2021-08-01,120841,Kotak Bluechip Fund - Direct Plan - Growth,2871.35,Kotak Mahindra Mutual Fund,117284
2021-09-01,120841,Kotak Bluechip Fund - Direct Plan - Growth,2843.78,Kotak Mahindra Mutual Fund,484662
2021-10-01,120841,Kotak Bluechip Fund - Direct Plan - Growth,2790.94,Kotak Mahindra Mutual Fund,459082
2021-11-01,120841,Kotak Bluechip Fund - Direct Plan - Growth,2737.92,Kotak Mahindra Mutual Fund,339041
2021-12-01,120841,Kotak Bluechip Fund - Direct Plan - Growth,2603.1,Kotak Mahindra Mutual Fund,385436
2022-01-01,120841,Kotak Bluechip Fund - Direct Plan - Growth,2516.48,Kotak Mahindra Mutual Fund,358169
2022-02-01,120841,Kotak Bluechip Fund - Direct Plan - Growth,2595.05,Kotak Mahindra Mutual Fund,145401
2022-03-01,120841,Kotak Bluechip Fund - Direct Plan - Growth,2596.9,Kotak Mahindra Mutual Fund,452538
2022-04-01,120841,Kotak Bluechip Fund - Direct Plan - Growth,2570.43,Kotak Mahindra Mutual Fund,117650
2022-05-01,120841,Kotak Bluechip Fund - Direct Plan - Growth,2582.86,Kotak Mahindra Mutual Fund,276816
2022-06-01,120841,Kotak Bluechip Fund - Direct Plan - Growth,2686.23,Kotak Mahindra Mutual Fund,313645
2022-07-01,120841,Kotak Bluechip Fund - Direct Plan - Growth,2700.0,Kotak Mahindra Mutual Fund,79052
2022-08-01,120841,Kotak Bluechip Fund - Direct Plan - Growth,2757.27,Kotak Mahindra Mutual Fund,485888
2022-09-01,120841,Kotak Bluechip Fund - Direct Plan - Growth,2701.03,Kotak Mahindra Mutual Fund,115096
2022-10-01,120841,Kotak Bluechip Fund - Direct Plan - Growth,2664.41,Kotak Mahindra Mutual Fund,321634
2022-11-01,120841,Kotak Bluechip Fund - Direct Plan - Growth,2706.02,Kotak Mahindra Mutual Fund,130224
2022-12-01,120841,Kotak Bluechip Fund - Direct Plan - Growth,2873.2,Kotak Mahindra Mutual Fund,209448
2023-01-01,120841,Kotak Bluechip Fund - Direct Plan - Growth,3010.81,Kotak Mahindra Mutual Fund,136327
2023-02-01,120841,Kotak Bluechip Fund - Direct Plan - Growth,3078.51,Kotak Mahindra Mutual Fund,134917
2023-03-01,120841,Kotak Bluechip Fund - Direct Plan - Growth,3107.88,Kotak Mahindra Mutual Fund,219167
2023-04-01,120841,Kotak Bluechip Fund - Direct Plan - Growth,3254.05,Kotak Mahindra Mutual Fund,421894
2023-05-01,120841,Kotak Bluechip Fund - Direct Plan - Growth,3347.9,Kotak Mahindra Mutual Fund,168211
2023-06-01,120841,Kotak Bluechip Fund - Direct Plan - Growth,3134.27,Kotak Mahindra Mutual Fund,231415
2023-07-01,120841,Kotak Bluechip Fund - Direct Plan - Growth,3050.85,Kotak Mahindra Mutual Fund,322051
2023-08-01,120841,Kotak Bluechip Fund - Direct Plan - Growth,3097.05,Kotak Mahindra Mutual Fund,198923
2023-09-01,120841,Kotak Bluechip Fund - Direct Plan - Growth,2946.5,Kotak Mahindra Mutual Fund,493512
2023-10-01,120841,Kotak Bluechip Fund - Direct Plan - Growth,2881.89,Kotak Mahindra Mutual Fund,91345
2023-11-01,120841,Kotak Bluechip Fund - Direct Plan - Growth,2835.8,Kotak Mahindra Mutual Fund,181389
2023-12-01,120841,Kotak Bluechip Fund - Direct Plan - Growth,2828.19,Kotak Mahindra Mutual Fund,152918
2019-01-01,125497,HDFC Top 100 Fund - Direct Plan - Growth,13382.37,HDFC Mutual Fund,338799
2019-02-01,125497,HDFC Top 100 Fund - Direct Plan - Growth,13333.21,HDFC Mutual Fund,193891
2019-03-01,125497,HDFC Top 100 Fund - Direct Plan - Growth,13729.99,HDFC Mutual Fund,115625
2019-04-01,125497,HDFC Top 100 Fund - Direct Plan - Growth,13689.4,HDFC Mutual Fund,377691
2019-05-01,125497,HDFC Top 100 Fund - Direct Plan - Growth,13599.88,HDFC Mutual Fund,208767
2019-06-01,125497,HDFC Top 100 Fund - Direct Plan - Growth,13117.43,HDFC Mutual Fund,372137
2019-07-01,125497,HDFC Top 100 Fund - Direct Plan - Growth,13586.12,HDFC Mutual Fund,329696
2019-08-01,125497,HDFC Top 100 Fund - Direct Plan - Growth,13380.36,HDFC Mutual Fund,98983
2019-09-01,125497,HDFC Top 100 Fund - Direct Plan - Growth,13010.91,HDFC Mutual Fund,313493
2019-10-01,125497,HDFC Top 100 Fund - Direct Plan - Growth,13159.14,HDFC Mutual Fund,386062
2019-11-01,125497,HDFC Top 100 Fund - Direct Plan - Growth,12922.17,HDFC Mutual Fund,138413
2019-12-01,125497,HDFC Top 100 Fund - Direct Plan - Growth,12782.89,HDFC Mutual Fund,360278
2020-01-01,125497,HDFC Top 100 Fund - Direct Plan - Growth,12945.92,HDFC Mutual Fund,354425
2020-02-01,125497,HDFC Top 100 Fund - Direct Plan - Growth,12883.85,HDFC Mutual Fund,130842
2020-03-01,125497,HDFC Top 100 Fund - Direct Plan - Growth,13841.74,HDFC Mutual Fund,139758
2020-04-01,125497,HDFC Top 100 Fund - Direct Plan - Growth,13879.87,HDFC Mutual Fund,395365
2020-05-01,125497,HDFC Top 100 Fund - Direct Plan - Growth,14206.54,HDFC Mutual Fund,377406
2020-06-01,125497,HDFC Top 100 Fund - Direct Plan - Growth,13450.03,HDFC Mutual Fund,427819
2020-07-01,125497,HDFC Top 100 Fund - Direct Plan - Growth,13170.01,HDFC Mutual Fund,367267
2020-08-01,125497,HDFC Top 100 Fund - Direct Plan - Growth,12806.42,HDFC Mutual Fund,227009
2020-09-01,125497,HDFC Top 100 Fund - Direct Plan - Growth,12503.78,HDFC Mutual Fund,491728
2020-10-01,125497,HDFC Top 100 Fund - Direct Plan - Growth,12722.18,HDFC Mutual Fund,345498
2020-11-01,125497,HDFC Top 100 Fund - Direct Plan - Growth,13181.03,HDFC Mutual Fund,71597
2020-12-01,125497,HDFC Top 100 Fund - Direct Plan - Growth,13383.21,HDFC Mutual Fund,482661
2021-01-01,125497,HDFC Top 100 Fund - Direct Plan - Growth,13359.13,HDFC Mutual Fund,64875
2021-02-01,125497,HDFC Top 100 Fund - Direct Plan - Growth,13173.09,HDFC Mutual Fund,92584
2021-03-01,125497,HDFC Top 100 Fund - Direct Plan - Growth,13679.05,HDFC Mutual Fund,73835
2021-04-01,125497,HDFC Top 100 Fund - Direct Plan - Growth,14597.43,HDFC Mutual Fund,386306
2021-05-01,125497,HDFC Top 100 Fund - Direct Plan - Growth,14729.56,HDFC Mutual Fund,454237
2021-06-01,125497,HDFC Top 100 Fund - Direct Plan - Growth,15218.3,HDFC Mutual Fund,352394
2021-07-01,125497,HDFC Top 100 Fund - Direct Plan - Growth,15451.15,HDFC Mutual Fund,188755
2021-08-01,125497,HDFC Top 100 Fund - Direct Plan - Growth,15878.61,HDFC Mutual Fund,391379
2021-09-01,125497,HDFC Top 100 Fund - Direct Plan - Growth,15403.26,HDFC Mutual Fund,160524
2021-10-01,125497,HDFC Top 100 Fund - Direct Plan - Growth,15254.71,HDFC Mutual Fund,452107
2021-11-01,125497,HDFC Top 100 Fund - Direct Plan - Growth,15511.97,HDFC Mutual Fund,349964
2021-12-01,125497,HDFC Top 100 Fund - Direct Plan - Growth,16153.77,HDFC Mutual Fund,268411
2022-01-01,125497,HDFC Top 100 Fund - Direct Plan - Growth,15838.06,HDFC Mutual Fund,374066
2022-02-01,125497,HDFC Top 100 Fund - Direct Plan - Growth,14951.15,HDFC Mutual Fund,385015
2022-03-01,125497,HDFC Top 100 Fund - Direct Plan - Growth,14802.41,HDFC Mutual Fund,65878
2022-04-01,125497,HDFC Top 100 Fund - Direct Plan - Growth,15325.0,HDFC Mutual Fund,311115
2022-05-01,125497,HDFC Top 100 Fund - Direct Plan - Growth,14673.43,HDFC Mutual Fund,378814
2022-06-01,125497,HDFC Top 100 Fund - Direct Plan - Growth,14228.71,HDFC Mutual Fund,336039
2022-07-01,125497,HDFC Top 100 Fund - Direct Plan - Growth,14366.41,HDFC Mutual Fund,201871
2022-08-01,125497,HDFC Top 100 Fund - Direct Plan - Growth,14388.26,HDFC Mutual Fund,386544
2022-09-01,125497,HDFC Top 100 Fund - Direct Plan - Growth,14716.8,HDFC Mutual Fund,208384
2022-10-01,125497,HDFC Top 100 Fund - Direct Plan - Growth,14247.9,HDFC Mutual Fund,303202
2022-11-01,125497,HDFC Top 100 Fund - Direct Plan - Growth,14180.23,HDFC Mutual Fund,178386
2022-12-01,125497,HDFC Top 100 Fund - Direct Plan - Growth,14759.57,HDFC Mutual Fund,471888
2023-01-01,125497,HDFC Top 100 Fund - Direct Plan - Growth,14305.17,HDFC Mutual Fund,473283
2023-02-01,125497,HDFC Top 100 Fund - Direct Plan - Growth,15010.52,HDFC Mutual Fund,409132
2023-03-01,125497,HDFC Top 100 Fund - Direct Plan - Growth,14604.9,HDFC Mutual Fund,262909
2023-04-01,125497,HDFC Top 100 Fund - Direct Plan - Growth,15050.08,HDFC Mutual Fund,205941
2023-05-01,125497,HDFC Top 100 Fund - Direct Plan - Growth,14956.93,HDFC Mutual Fund,287787
2023-06-01,125497,HDFC Top 100 Fund - Direct Plan - Growth,14517.99,HDFC Mutual Fund,88258
2023-07-01,125497,HDFC Top 100 Fund - Direct Plan - Growth,14374.16,HDFC Mutual Fund,411031
2023-08-01,125497,HDFC Top 100 Fund - Direct Plan - Growth,14681.02,HDFC Mutual Fund,81411
2023-09-01,125497,HDFC Top 100 Fund - Direct Plan - Growth,14751.4,HDFC Mutual Fund,132879
2023-10-01,125497,HDFC Top 100 Fund - Direct Plan - Growth,15320.13,HDFC Mutual Fund,280479
2023-11-01,125497,HDFC Top 100 Fund - Direct Plan - Growth,16056.6,HDFC Mutual Fund,267905
2023-12-01,125497,HDFC Top 100 Fund - Direct Plan - Growth,15567.02,HDFC Mutual Fund,303887
2019-01-01,118825,Canara Robeco Bluechip Equity Fund - Direct,10021.31,Canara Robeco Mutual Fund,228358
2019-02-01,118825,Canara Robeco Bluechip Equity Fund - Direct,9679.15,Canara Robeco Mutual Fund,368064
2019-03-01,118825,Canara Robeco Bluechip Equity Fund - Direct,9466.44,Canara Robeco Mutual Fund,125323
2019-04-01,118825,Canara Robeco Bluechip Equity Fund - Direct,9827.36,Canara Robeco Mutual Fund,213883
2019-05-01,118825,Canara Robeco Bluechip Equity Fund - Direct,10041.7,Canara Robeco Mutual Fund,426629
2019-06-01,118825,Canara Robeco Bluechip Equity Fund - Direct,9927.72,Canara Robeco Mutual Fund,217413
2019-07-01,118825,Canara Robeco Bluechip Equity Fund - Direct,9974.05,Canara Robeco Mutual Fund,434932
2019-08-01,118825,Canara Robeco Bluechip Equity Fund - Direct,10444.12,Canara Robeco Mutual Fund,231073
2019-09-01,118825,Canara Robeco Bluechip Equity Fund - Direct,11094.17,Canara Robeco Mutual Fund,259042
2019-10-01,118825,Canara Robeco Bluechip Equity Fund - Direct,11235.97,Canara Robeco Mutual Fund,118559
2019-11-01,118825,Canara Robeco Bluechip Equity Fund - Direct,10395.76,Canara Robeco Mutual Fund,448807
2019-12-01,118825,Canara Robeco Bluechip Equity Fund - Direct,10540.45,Canara Robeco Mutual Fund,244269
2020-01-01,118825,Canara Robeco Bluechip Equity Fund - Direct,10888.74,Canara Robeco Mutual Fund,319997
2020-02-01,118825,Canara Robeco Bluechip Equity Fund - Direct,11016.56,Canara Robeco Mutual Fund,344466
2020-03-01,118825,Canara Robeco Bluechip Equity Fund - Direct,11311.75,Canara Robeco Mutual Fund,105670
2020-04-01,118825,Canara Robeco Bluechip Equity Fund - Direct,11489.48,Canara Robeco Mutual Fund,217308
2020-05-01,118825,Canara Robeco Bluechip Equity Fund - Direct,11121.37,Canara Robeco Mutual Fund,176740
2020-06-01,118825,Canara Robeco Bluechip Equity Fund - Direct,10881.29,Canara Robeco Mutual Fund,294565
2020-07-01,118825,Canara Robeco Bluechip Equity Fund - Direct,10830.86,Canara Robeco Mutual Fund,114236
2020-08-01,118825,Canara Robeco Bluechip Equity Fund - Direct,11231.19,Canara Robeco Mutual Fund,190232
2020-09-01,118825,Canara Robeco Bluechip Equity Fund - Direct,11029.3,Canara Robeco Mutual Fund,285717
2020-10-01,118825,Canara Robeco Bluechip Equity Fund - Direct,11235.29,Canara Robeco Mutual Fund,179980
2020-11-01,118825,Canara Robeco Bluechip Equity Fund - Direct,11393.83,Canara Robeco Mutual Fund,123860
2020-12-01,118825,Canara Robeco Bluechip Equity Fund - Direct,11992.98,Canara Robeco Mutual Fund,100757
2021-01-01,118825,Canara Robeco Bluechip Equity Fund - Direct,12037.95,Canara Robeco Mutual Fund,76531
2021-02-01,118825,Canara Robeco Bluechip Equity Fund - Direct,11464.43,Canara Robeco Mutual Fund,202154
2021-03-01,118825,Canara Robeco Bluechip Equity Fund - Direct,11744.23,Canara Robeco Mutual Fund,251405
2021-04-01,118825,Canara Robeco Bluechip Equity Fund - Direct,12556.25,Canara Robeco Mutual Fund,372635
2021-05-01,118825,Canara Robeco Bluechip Equity Fund - Direct,12887.38,Canara Robeco Mutual Fund,269223
2021-06-01,118825,Canara Robeco Bluechip Equity Fund - Direct,12647.29,Canara Robeco Mutual Fund,180165
2021-07-01,118825,Canara Robeco Bluechip Equity Fund - Direct,12300.01,Canara Robeco Mutual Fund,133728
2021-08-01,118825,Canara Robeco Bluechip Equity Fund - Direct,12009.87,Canara Robeco Mutual Fund,476496
2021-09-01,118825,Canara Robeco Bluechip Equity Fund - Direct,12791.7,Canara Robeco Mutual Fund,221670
2021-10-01,118825,Canara Robeco Bluechip Equity Fund - Direct,12730.05,Canara Robeco Mutual Fund,352874
2021-11-01,118825,Canara Robeco Bluechip Equity Fund - Direct,12540.63,Canara Robeco Mutual Fund,428078
2021-12-01,118825,Canara Robeco Bluechip Equity Fund - Direct,12543.73,Canara Robeco Mutual Fund,213952
2022-01-01,118825,Canara Robeco Bluechip Equity Fund - Direct,12487.19,Canara Robeco Mutual Fund,149527
2022-02-01,118825,Canara Robeco Bluechip Equity Fund - Direct,13136.9,Canara Robeco Mutual Fund,450095
2022-03-01,118825,Canara Robeco Bluechip Equity Fund - Direct,12802.77,Canara Robeco Mutual Fund,133541
2022-04-01,118825,Canara Robeco Bluechip Equity Fund - Direct,13320.25,Canara Robeco Mutual Fund,311234
2022-05-01,118825,Canara Robeco Bluechip Equity Fund - Direct,13435.64,Canara Robeco Mutual Fund,319864
2022-06-01,118825,Canara Robeco Bluechip Equity Fund - Direct,13989.33,Canara Robeco Mutual Fund,294745
2022-07-01,118825,Canara Robeco Bluechip Equity Fund - Direct,14723.47,Canara Robeco Mutual Fund,311493
2022-08-01,118825,Canara Robeco Bluechip Equity Fund - Direct,14834.54,Canara Robeco Mutual Fund,211764
2022-09-01,118825,Canara Robeco Bluechip Equity Fund - Direct,14768.5,Canara Robeco Mutual Fund,310765
2022-10-01,118825,Canara Robeco Bluechip Equity Fund - Direct,14871.66,Canara Robeco Mutual Fund,62151
2022-11-01,118825,Canara Robeco Bluechip Equity Fund - Direct,14903.74,Canara Robeco Mutual Fund,97211
2022-12-01,118825,Canara Robeco Bluechip Equity Fund - Direct,14237.41,Canara Robeco Mutual Fund,256172
2023-01-01,118825,Canara Robeco Bluechip Equity Fund - Direct,14971.7,Canara Robeco Mutual Fund,314998
2023-02-01,118825,Canara Robeco Bluechip Equity Fund - Direct,15156.95,Canara Robeco Mutual Fund,289720
2023-03-01,118825,Canara Robeco Bluechip Equity Fund - Direct,14703.86,Canara Robeco Mutual Fund,176211
2023-04-01,118825,Canara Robeco Bluechip Equity Fund - Direct,13865.36,Canara Robeco Mutual Fund,162797
2023-05-01,118825,Canara Robeco Bluechip Equity Fund - Direct,12966.5,Canara Robeco Mutual Fund,355840
2023-06-01,118825,Canara Robeco Bluechip Equity Fund - Direct,13331.05,Canara Robeco Mutual Fund,235018
2023-07-01,118825,Canara Robeco Bluechip Equity Fund - Direct,13150.15,Canara Robeco Mutual Fund,75510
2023-08-01,118825,Canara Robeco Bluechip Equity Fund - Direct,13036.44,Canara Robeco Mutual Fund,76497
2023-09-01,118825,Canara Robeco Bluechip Equity Fund - Direct,13292.54,Canara Robeco Mutual Fund,197511
2023-10-01,118825,Canara Robeco Bluechip Equity Fund - Direct,13153.21,Canara Robeco Mutual Fund,309467
2023-11-01,118825,Canara Robeco Bluechip Equity Fund - Direct,13434.64,Canara Robeco Mutual Fund,363271
2023-12-01,118825,Canara Robeco Bluechip Equity Fund - Direct,13540.21,Canara Robeco Mutual Fund,491895
2019-01-01,119028,DSP Top 100 Equity Fund - Direct - Growth,13810.79,DSP Mutual Fund,296723
2019-02-01,119028,DSP Top 100 Equity Fund - Direct - Growth,13228.22,DSP Mutual Fund,199814
2019-03-01,119028,DSP Top 100 Equity Fund - Direct - Growth,12969.05,DSP Mutual Fund,331380
2019-04-01,119028,DSP Top 100 Equity Fund - Direct - Growth,13268.33,DSP Mutual Fund,54287
2019-05-01,119028,DSP Top 100 Equity Fund - Direct - Growth,13063.19,DSP Mutual Fund,494162
2019-06-01,119028,DSP Top 100 Equity Fund - Direct - Growth,13600.89,DSP Mutual Fund,106359
2019-07-01,119028,DSP Top 100 Equity Fund - Direct - Growth,14626.28,DSP Mutual Fund,275930
2019-08-01,119028,DSP Top 100 Equity Fund - Direct - Growth,14987.43,DSP Mutual Fund,120220
2019-09-01,119028,DSP Top 100 Equity Fund - Direct - Growth,15733.58,DSP Mutual Fund,188659
2019-10-01,119028,DSP Top 100 Equity Fund - Direct - Growth,16152.43,DSP Mutual Fund,431423
2019-11-01,119028,DSP Top 100 Equity Fund - Direct - Growth,15974.31,DSP Mutual Fund,241772
2019-12-01,119028,DSP Top 100 Equity Fund - Direct - Growth,16150.1,DSP Mutual Fund,450480
2020-01-01,119028,DSP Top 100 Equity Fund - Direct - Growth,17206.31,DSP Mutual Fund,261421
2020-02-01,119028,DSP Top 100 Equity Fund - Direct - Growth,17022.09,DSP Mutual Fund,241856
2020-03-01,119028,DSP Top 100 Equity Fund - Direct - Growth,16576.45,DSP Mutual Fund,73720
2020-04-01,119028,DSP Top 100 Equity Fund - Direct - Growth,16095.31,DSP Mutual Fund,260020
2020-05-01,119028,DSP Top 100 Equity Fund - Direct - Growth,16070.75,DSP Mutual Fund,76821
2020-06-01,119028,DSP Top 100 Equity Fund - Direct - Growth,15667.3,DSP Mutual Fund,348991
2020-07-01,119028,DSP Top 100 Equity Fund - Direct - Growth,16532.46,DSP Mutual Fund,344553
2020-08-01,119028,DSP Top 100 Equity Fund - Direct - Growth,16722.43,DSP Mutual Fund,152055
2020-09-01,119028,DSP Top 100 Equity Fund - Direct - Growth,17293.53,DSP Mutual Fund,240066
2020-10-01,119028,DSP Top 100 Equity Fund - Direct - Growth,17225.05,DSP Mutual Fund,340048
2020-11-01,119028,DSP Top 100 Equity Fund - Direct - Growth,16721.98,DSP Mutual Fund,201310
2020-12-01,119028,DSP Top 100 Equity Fund - Direct - Growth,16148.72,DSP Mutual Fund,88551
2021-01-01,119028,DSP Top 100 Equity Fund - Direct - Growth,15789.57,DSP Mutual Fund,252558
2021-02-01,119028,DSP Top 100 Equity Fund - Direct - Growth,16033.14,DSP Mutual Fund,314375
2021-03-01,119028,DSP Top 100 Equity Fund - Direct - Growth,16363.37,DSP Mutual Fund,286115
2021-04-01,119028,DSP Top 100 Equity Fund - Direct - Growth,16741.29,DSP Mutual Fund,450767
2021-05-01,119028,DSP Top 100 Equity Fund - Direct - Growth,16077.33,DSP Mutual Fund,338283
2021-06-01,119028,DSP Top 100 Equity Fund - Direct - Growth,16157.52,DSP Mutual Fund,196654
2021-07-01,119028,DSP Top 100 Equity Fund - Direct - Growth,15740.95,DSP Mutual Fund,482700
2021-08-01,119028,DSP Top 100 Equity Fund - Direct - Growth,16009.24,DSP Mutual Fund,376758
2021-09-01,119028,DSP Top 100 Equity Fund - Direct - Growth,16319.37,DSP Mutual Fund,406724
2021-10-01,119028,DSP Top 100 Equity Fund - Direct - Growth,15827.1,DSP Mutual Fund,370362
2021-11-01,119028,DSP Top 100 Equity Fund - Direct - Growth,16365.86,DSP Mutual Fund,112291
2021-12-01,119028,DSP Top 100 Equity Fund - Direct - Growth,17596.0,DSP Mutual Fund,117456
2022-01-01,119028,DSP Top 100 Equity Fund - Direct - Growth,18124.67,DSP Mutual Fund,100688
2022-02-01,119028,DSP Top 100 Equity Fund - Direct - Growth,18126.76,DSP Mutual Fund,256518
2022-03-01,119028,DSP Top 100 Equity Fund - Direct - Growth,18045.25,DSP Mutual Fund,245663
2022-04-01,119028,DSP Top 100 Equity Fund - Direct - Growth,18022.3,DSP Mutual Fund,466755
2022-05-01,119028,DSP Top 100 Equity Fund - Direct - Growth,17701.11,DSP Mutual Fund,227778
2022-06-01,119028,DSP Top 100 Equity Fund - Direct - Growth,17923.64,DSP Mutual Fund,342464
2022-07-01,119028,DSP Top 100 Equity Fund - Direct - Growth,17401.1,DSP Mutual Fund,241683
2022-08-01,119028,DSP Top 100 Equity Fund - Direct - Growth,16501.62,DSP Mutual Fund,445819
2022-09-01,119028,DSP Top 100 Equity Fund - Direct - Growth,16692.84,DSP Mutual Fund,125637
2022-10-01,119028,DSP Top 100 Equity Fund - Direct - Growth,16786.94,DSP Mutual Fund,154363
2022-11-01,119028,DSP Top 100 Equity Fund - Direct - Growth,16583.23,DSP Mutual Fund,365864
2022-12-01,119028,DSP Top 100 Equity Fund - Direct - Growth,16028.01,DSP Mutual Fund,316926
2023-01-01,119028,DSP Top 100 Equity Fund - Direct - Growth,16247.47,DSP Mutual Fund,260442
2023-02-01,119028,DSP Top 100 Equity Fund - Direct - Growth,15846.07,DSP Mutual Fund,312184
2023-03-01,119028,DSP Top 100 Equity Fund - Direct - Growth,15859.25,DSP Mutual Fund,71105
2023-04-01,119028,DSP Top 100 Equity Fund - Direct - Growth,16778.28,DSP Mutual Fund,73752
2023-05-01,119028,DSP Top 100 Equity Fund - Direct - Growth,17189.95,DSP Mutual Fund,70402
2023-06-01,119028,DSP Top 100 Equity Fund - Direct - Growth,16569.84,DSP Mutual Fund,121846
2023-07-01,119028,DSP Top 100 Equity Fund - Direct - Growth,16018.96,DSP Mutual Fund,424127
2023-08-01,119028,DSP Top 100 Equity Fund - Direct - Growth,16172.02,DSP Mutual Fund,224609
2023-09-01,119028,DSP Top 100 Equity Fund - Direct - Growth,15585.63,DSP Mutual Fund,471509
2023-10-01,119028,DSP Top 100 Equity Fund - Direct - Growth,14727.61,DSP Mutual Fund,298378
2023-11-01,119028,DSP Top 100 Equity Fund - Direct - Growth,15036.46,DSP Mutual Fund,322279
2023-12-01,119028,DSP Top 100 Equity Fund - Direct - Growth,15256.42,DSP Mutual Fund,289593
2019-01-01,118778,Mirae Asset Large Cap Fund - Direct - Growth,4767.61,Mirae Asset Mutual Fund,320273
2019-02-01,118778,Mirae Asset Large Cap Fund - Direct - Growth,4829.07,Mirae Asset Mutual Fund,123285
2019-03-01,118778,Mirae Asset Large Cap Fund - Direct - Growth,4843.76,Mirae Asset Mutual Fund,221948
2019-04-01,118778,Mirae Asset Large Cap Fund - Direct - Growth,4771.75,Mirae Asset Mutual Fund,371424
2019-05-01,118778,Mirae Asset Large Cap Fund - Direct - Growth,4869.5,Mirae Asset Mutual Fund,217001
2019-06-01,118778,Mirae Asset Large Cap Fund - Direct - Growth,5117.34,Mirae Asset Mutual Fund,135197
2019-07-01,118778,Mirae Asset Large Cap Fund - Direct - Growth,5065.97,Mirae Asset Mutual Fund,256021
2019-08-01,118778,Mirae Asset Large Cap Fund - Direct - Growth,4936.17,Mirae Asset Mutual Fund,373223
2019-09-01,118778,Mirae Asset Large Cap Fund - Direct - Growth,4792.76,Mirae Asset Mutual Fund,437616
2019-10-01,118778,Mirae Asset Large Cap Fund - Direct - Growth,4692.1,Mirae Asset Mutual Fund,491766
2019-11-01,118778,Mirae Asset Large Cap Fund - Direct - Growth,4744.08,Mirae Asset Mutual Fund,206884
2019-12-01,118778,Mirae Asset Large Cap Fund - Direct - Growth,4463.28,Mirae Asset Mutual Fund,361282
2020-01-01,118778,Mirae Asset Large Cap Fund - Direct - Growth,4544.4,Mirae Asset Mutual Fund,226356
2020-02-01,118778,Mirae Asset Large Cap Fund - Direct - Growth,4654.91,Mirae Asset Mutual Fund,315979
2020-03-01,118778,Mirae Asset Large Cap Fund - Direct - Growth,4427.09,Mirae Asset Mutual Fund,484262
2020-04-01,118778,Mirae Asset Large Cap Fund - Direct - Growth,4319.18,Mirae Asset Mutual Fund,317236
2020-05-01,118778,Mirae Asset Large Cap Fund - Direct - Growth,4351.1,Mirae Asset Mutual Fund,329099
2020-06-01,118778,Mirae Asset Large Cap Fund - Direct - Growth,4354.13,Mirae Asset Mutual Fund,306820
2020-07-01,118778,Mirae Asset Large Cap Fund - Direct - Growth,4443.77,Mirae Asset Mutual Fund,421583
2020-08-01,118778,Mirae Asset Large Cap Fund - Direct - Growth,4447.18,Mirae Asset Mutual Fund,345134
2020-09-01,118778,Mirae Asset Large Cap Fund - Direct - Growth,4638.15,Mirae Asset Mutual Fund,207176
2020-10-01,118778,Mirae Asset Large Cap Fund - Direct - Growth,4616.66,Mirae Asset Mutual Fund,298980
2020-11-01,118778,Mirae Asset Large Cap Fund - Direct - Growth,4503.59,Mirae Asset Mutual Fund,477687
2020-12-01,118778,Mirae Asset Large Cap Fund - Direct - Growth,4382.43,Mirae Asset Mutual Fund,58722
2021-01-01,118778,Mirae Asset Large Cap Fund - Direct - Growth,4501.03,Mirae Asset Mutual Fund,243125
2021-02-01,118778,Mirae Asset Large Cap Fund - Direct - Growth,4527.54,Mirae Asset Mutual Fund,223664
2021-03-01,118778,Mirae Asset Large Cap Fund - Direct - Growth,4636.25,Mirae Asset Mutual Fund,403268
2021-04-01,118778,Mirae Asset Large Cap Fund - Direct - Growth,4744.71,Mirae Asset Mutual Fund,107464
2021-05-01,118778,Mirae Asset Large Cap Fund - Direct - Growth,4480.93,Mirae Asset Mutual Fund,268387
2021-06-01,118778,Mirae Asset Large Cap Fund - Direct - Growth,4350.07,Mirae Asset Mutual Fund,356028
2021-07-01,118778,Mirae Asset Large Cap Fund - Direct - Growth,4238.63,Mirae Asset Mutual Fund,211311
2021-08-01,118778,Mirae Asset Large Cap Fund - Direct - Growth,4156.05,Mirae Asset Mutual Fund,467728
2021-09-01,118778,Mirae Asset Large Cap Fund - Direct - Growth,4124.42,Mirae Asset Mutual Fund,430278
2021-10-01,118778,Mirae Asset Large Cap Fund - Direct - Growth,4268.67,Mirae Asset Mutual Fund,410733
2021-11-01,118778,Mirae Asset Large Cap Fund - Direct - Growth,4443.49,Mirae Asset Mutual Fund,379913
2021-12-01,118778,Mirae Asset Large Cap Fund - Direct - Growth,4426.67,Mirae Asset Mutual Fund,63970
2022-01-01,118778,Mirae Asset Large Cap Fund - Direct - Growth,4415.43,Mirae Asset Mutual Fund,362952
2022-02-01,118778,Mirae Asset Large Cap Fund - Direct - Growth,4344.06,Mirae Asset Mutual Fund,298821
2022-03-01,118778,Mirae Asset Large Cap Fund - Direct - Growth,4377.41,Mirae Asset Mutual Fund,189214
2022-04-01,118778,Mirae Asset Large Cap Fund - Direct - Growth,4425.89,Mirae Asset Mutual Fund,393718
2022-05-01,118778,Mirae Asset Large Cap Fund - Direct - Growth,4555.1,Mirae Asset Mutual Fund,460467
2022-06-01,118778,Mirae Asset Large Cap Fund - Direct - Growth,4686.98,Mirae Asset Mutual Fund,456932
2022-07-01,118778,Mirae Asset Large Cap Fund - Direct - Growth,4386.72,Mirae Asset Mutual Fund,353287
2022-08-01,118778,Mirae Asset Large Cap Fund - Direct - Growth,4388.58,Mirae Asset Mutual Fund,352846
2022-09-01,118778,Mirae Asset Large Cap Fund - Direct - Growth,4592.75,Mirae Asset Mutual Fund,169298
2022-10-01,118778,Mirae Asset Large Cap Fund - Direct - Growth,4555.35,Mirae Asset Mutual Fund,428221
2022-11-01,118778,Mirae Asset Large Cap Fund - Direct - Growth,4733.81,Mirae Asset Mutual Fund,76924
2022-12-01,118778,Mirae Asset Large Cap Fund - Direct - Growth,4713.96,Mirae Asset Mutual Fund,355934
2023-01-01,118778,Mirae Asset Large Cap Fund - Direct - Growth,4762.27,Mirae Asset Mutual Fund,301893
2023-02-01,118778,Mirae Asset Large Cap Fund - Direct - Growth,4623.65,Mirae Asset Mutual Fund,139397
2023-03-01,118778,Mirae Asset Large Cap Fund - Direct - Growth,4494.3,Mirae Asset Mutual Fund,324848
2023-04-01,118778,Mirae Asset Large Cap Fund - Direct - Growth,4614.58,Mirae Asset Mutual Fund,379790
2023-05-01,118778,Mirae Asset Large Cap Fund - Direct - Growth,4759.73,Mirae Asset Mutual Fund,428107
2023-06-01,118778,Mirae Asset Large Cap Fund - Direct - Growth,4787.31,Mirae Asset Mutual Fund,374920
2023-07-01,118778,Mirae Asset Large Cap Fund - Direct - Growth,4634.95,Mirae Asset Mutual Fund,456116
2023-08-01,118778,Mirae Asset Large Cap Fund - Direct - Growth,4664.21,Mirae Asset Mutual Fund,491013
2023-09-01,118778,Mirae Asset Large Cap Fund - Direct - Growth,4863.45,Mirae Asset Mutual Fund,249329
2023-10-01,118778,Mirae Asset Large Cap Fund - Direct - Growth,5142.06,Mirae Asset Mutual Fund,127477
2023-11-01,118778,Mirae Asset Large Cap Fund - Direct - Growth,5118.92,Mirae Asset Mutual Fund,480787
2023-12-01,118778,Mirae Asset Large Cap Fund - Direct - Growth,4889.61,Mirae Asset Mutual Fund,406896
2019-01-01,120465,Franklin India Bluechip Fund - Direct - Growth,6551.67,Franklin Templeton Mutual Fund,350191
2019-02-01,120465,Franklin India Bluechip Fund - Direct - Growth,6530.18,Franklin Templeton Mutual Fund,417274
2019-03-01,120465,Franklin India Bluechip Fund - Direct - Growth,6747.58,Franklin Templeton Mutual Fund,107616
2019-04-01,120465,Franklin India Bluechip Fund - Direct - Growth,6838.22,Franklin Templeton Mutual Fund,150025
2019-05-01,120465,Franklin India Bluechip Fund - Direct - Growth,6691.17,Franklin Templeton Mutual Fund,59928
2019-06-01,120465,Franklin India Bluechip Fund - Direct - Growth,6736.32,Franklin Templeton Mutual Fund,281231
2019-07-01,120465,Franklin India Bluechip Fund - Direct - Growth,7034.4,Franklin Templeton Mutual Fund,214465
2019-08-01,120465,Franklin India Bluechip Fund - Direct - Growth,7038.1,Franklin Templeton Mutual Fund,269561
2019-09-01,120465,Franklin India Bluechip Fund - Direct - Growth,6854.8,Franklin Templeton Mutual Fund,129393
2019-10-01,120465,Franklin India Bluechip Fund - Direct - Growth,6562.38,Franklin Templeton Mutual Fund,266510
2019-11-01,120465,Franklin India Bluechip Fund - Direct - Growth,6443.17,Franklin Templeton Mutual Fund,412021
2019-12-01,120465,Franklin India Bluechip Fund - Direct - Growth,6396.11,Franklin Templeton Mutual Fund,156897
2020-01-01,120465,Franklin India Bluechip Fund - Direct - Growth,6585.43,Franklin Templeton Mutual Fund,265155
2020-02-01,120465,Franklin India Bluechip Fund - Direct - Growth,6396.92,Franklin Templeton Mutual Fund,313097
2020-03-01,120465,Franklin India Bluechip Fund - Direct - Growth,6727.08,Franklin Templeton Mutual Fund,456308
2020-04-01,120465,Franklin India Bluechip Fund - Direct - Growth,6490.87,Franklin Templeton Mutual Fund,370590
2020-05-01,120465,Franklin India Bluechip Fund - Direct - Growth,6977.32,Franklin Templeton Mutual Fund,297257
2020-06-01,120465,Franklin India Bluechip Fund - Direct - Growth,7373.39,Franklin Templeton Mutual Fund,494793
2020-07-01,120465,Franklin India Bluechip Fund - Direct - Growth,7441.48,Franklin Templeton Mutual Fund,435790
2020-08-01,120465,Franklin India Bluechip Fund - Direct - Growth,7110.85,Franklin Templeton Mutual Fund,431368
2020-09-01,120465,Franklin India Bluechip Fund - Direct - Growth,7134.58,Franklin Templeton Mutual Fund,82653
2020-10-01,120465,Franklin India Bluechip Fund - Direct - Growth,7087.46,Franklin Templeton Mutual Fund,420029
2020-11-01,120465,Franklin India Bluechip Fund - Direct - Growth,6851.95,Franklin Templeton Mutual Fund,122394
2020-12-01,120465,Franklin India Bluechip Fund - Direct - Growth,6946.03,Franklin Templeton Mutual Fund,321939
2021-01-01,120465,Franklin India Bluechip Fund - Direct - Growth,6809.13,Franklin Templeton Mutual Fund,158706
2021-02-01,120465,Franklin India Bluechip Fund - Direct - Growth,6697.14,Franklin Templeton Mutual Fund,344066
2021-03-01,120465,Franklin India Bluechip Fund - Direct - Growth,6689.7,Franklin Templeton Mutual Fund,220419
2021-04-01,120465,Franklin India Bluechip Fund - Direct - Growth,6607.77,Franklin Templeton Mutual Fund,397197
2021-05-01,120465,Franklin India Bluechip Fund - Direct - Growth,7052.77,Franklin Templeton Mutual Fund,300804
2021-06-01,120465,Franklin India Bluechip Fund - Direct - Growth,6974.69,Franklin Templeton Mutual Fund,325501
2021-07-01,120465,Franklin India Bluechip Fund - Direct - Growth,7101.81,Franklin Templeton Mutual Fund,247564
2021-08-01,120465,Franklin India Bluechip Fund - Direct - Growth,7168.32,Franklin Templeton Mutual Fund,214496
2021-09-01,120465,Franklin India Bluechip Fund - Direct - Growth,7280.02,Franklin Templeton Mutual Fund,140797
2021-10-01,120465,Franklin India Bluechip Fund - Direct - Growth,7410.14,Franklin Templeton Mutual Fund,290996
2021-11-01,120465,Franklin India Bluechip Fund - Direct - Growth,7643.12,Franklin Templeton Mutual Fund,329512
2021-12-01,120465,Franklin India Bluechip Fund - Direct - Growth,7742.43,Franklin Templeton Mutual Fund,229477
2022-01-01,120465,Franklin India Bluechip Fund - Direct - Growth,7833.38,Franklin Templeton Mutual Fund,336404
2022-02-01,120465,Franklin India Bluechip Fund - Direct - Growth,7886.29,Franklin Templeton Mutual Fund,235748
2022-03-01,120465,Franklin India Bluechip Fund - Direct - Growth,7892.97,Franklin Templeton Mutual Fund,404349
2022-04-01,120465,Franklin India Bluechip Fund - Direct - Growth,7716.53,Franklin Templeton Mutual Fund,454744
2022-05-01,120465,Franklin India Bluechip Fund - Direct - Growth,7741.02,Franklin Templeton Mutual Fund,427972
2022-06-01,120465,Franklin India Bluechip Fund - Direct - Growth,7835.76,Franklin Templeton Mutual Fund,406906
2022-07-01,120465,Franklin India Bluechip Fund - Direct - Growth,7969.47,Franklin Templeton Mutual Fund,387279
2022-08-01,120465,Franklin India Bluechip Fund - Direct - Growth,8052.43,Franklin Templeton Mutual Fund,471345
2022-09-01,120465,Franklin India Bluechip Fund - Direct - Growth,8036.41,Franklin Templeton Mutual Fund,413495
2022-10-01,120465,Franklin India Bluechip Fund - Direct - Growth,8062.83,Franklin Templeton Mutual Fund,188601
2022-11-01,120465,Franklin India Bluechip Fund - Direct - Growth,7969.23,Franklin Templeton Mutual Fund,369855
2022-12-01,120465,Franklin India Bluechip Fund - Direct - Growth,8083.96,Franklin Templeton Mutual Fund,303849
2023-01-01,120465,Franklin India Bluechip Fund - Direct - Growth,8070.75,Franklin Templeton Mutual Fund,150801
2023-02-01,120465,Franklin India Bluechip Fund - Direct - Growth,8154.82,Franklin Templeton Mutual Fund,179247
2023-03-01,120465,Franklin India Bluechip Fund - Direct - Growth,8440.44,Franklin Templeton Mutual Fund,196279
2023-04-01,120465,Franklin India Bluechip Fund - Direct - Growth,8303.02,Franklin Templeton Mutual Fund,342598
2023-05-01,120465,Franklin India Bluechip Fund - Direct - Growth,8493.17,Franklin Templeton Mutual Fund,206499
2023-06-01,120465,Franklin India Bluechip Fund - Direct - Growth,8544.09,Franklin Templeton Mutual Fund,167895
2023-07-01,120465,Franklin India Bluechip Fund - Direct - Growth,9104.89,Franklin Templeton Mutual Fund,206035
2023-08-01,120465,Franklin India Bluechip Fund - Direct - Growth,9091.34,Franklin Templeton Mutual Fund,454317
2023-09-01,120465,Franklin India Bluechip Fund - Direct - Growth,9326.39,Franklin Templeton Mutual Fund,201521
2023-10-01,120465,Franklin India Bluechip Fund - Direct - Growth,9377.32,Franklin Templeton Mutual Fund,419571
2023-11-01,120465,Franklin India Bluechip Fund - Direct - Growth,9033.65,Franklin Templeton Mutual Fund,158673
2023-12-01,120465,Franklin India Bluechip Fund - Direct - Growth,8937.71,Franklin Templeton Mutual Fund,411884
2019-01-01,118989,UTI Mastershare Fund - Direct Plan - Growth,15151.26,UTI Mutual Fund,216220
2019-02-01,118989,UTI Mastershare Fund - Direct Plan - Growth,15030.34,UTI Mutual Fund,301555
2019-03-01,118989,UTI Mastershare Fund - Direct Plan - Growth,14104.35,UTI Mutual Fund,232873
2019-04-01,118989,UTI Mastershare Fund - Direct Plan - Growth,14161.59,UTI Mutual Fund,343856
2019-05-01,118989,UTI Mastershare Fund - Direct Plan - Growth,13768.32,UTI Mutual Fund,467021
2019-06-01,118989,UTI Mastershare Fund - Direct Plan - Growth,13891.61,UTI Mutual Fund,428359
2019-07-01,118989,UTI Mastershare Fund - Direct Plan - Growth,14607.5,UTI Mutual Fund,193370
2019-08-01,118989,UTI Mastershare Fund - Direct Plan - Growth,15017.74,UTI Mutual Fund,200884
2019-09-01,118989,UTI Mastershare Fund - Direct Plan - Growth,15785.14,UTI Mutual Fund,113897
2019-10-01,118989,UTI Mastershare Fund - Direct Plan - Growth,15598.16,UTI Mutual Fund,350667
2019-11-01,118989,UTI Mastershare Fund - Direct Plan - Growth,15609.15,UTI Mutual Fund,404744
2019-12-01,118989,UTI Mastershare Fund - Direct Plan - Growth,15198.12,UTI Mutual Fund,334788
2020-01-01,118989,UTI Mastershare Fund - Direct Plan - Growth,14962.22,UTI Mutual Fund,249069
2020-02-01,118989,UTI Mastershare Fund - Direct Plan - Growth,14620.98,UTI Mutual Fund,256848
2020-03-01,118989,UTI Mastershare Fund - Direct Plan - Growth,14120.92,UTI Mutual Fund,479065
2020-04-01,118989,UTI Mastershare Fund - Direct Plan - Growth,14770.14,UTI Mutual Fund,230949
2020-05-01,118989,UTI Mastershare Fund - Direct Plan - Growth,13917.04,UTI Mutual Fund,455308
2020-06-01,118989,UTI Mastershare Fund - Direct Plan - Growth,14558.67,UTI Mutual Fund,471850
2020-07-01,118989,UTI Mastershare Fund - Direct Plan - Growth,15175.69,UTI Mutual Fund,126795
2020-08-01,118989,UTI Mastershare Fund - Direct Plan - Growth,15479.11,UTI Mutual Fund,202280
2020-09-01,118989,UTI Mastershare Fund - Direct Plan - Growth,15038.96,UTI Mutual Fund,72054
2020-10-01,118989,UTI Mastershare Fund - Direct Plan - Growth,14400.33,UTI Mutual Fund,200801
2020-11-01,118989,UTI Mastershare Fund - Direct Plan - Growth,14235.41,UTI Mutual Fund,424415
2020-12-01,118989,UTI Mastershare Fund - Direct Plan - Growth,14573.55,UTI Mutual Fund,91434
2021-01-01,118989,UTI Mastershare Fund - Direct Plan - Growth,14647.76,UTI Mutual Fund,231594
2021-02-01,118989,UTI Mastershare Fund - Direct Plan - Growth,14262.45,UTI Mutual Fund,281932
2021-03-01,118989,UTI Mastershare Fund - Direct Plan - Growth,14825.05,UTI Mutual Fund,393918
2021-04-01,118989,UTI Mastershare Fund - Direct Plan - Growth,15648.31,UTI Mutual Fund,184450
2021-05-01,118989,UTI Mastershare Fund - Direct Plan - Growth,15620.17,UTI Mutual Fund,441820
2021-06-01,118989,UTI Mastershare Fund - Direct Plan - Growth,15749.51,UTI Mutual Fund,301175
2021-07-01,118989,UTI Mastershare Fund - Direct Plan - Growth,15115.35,UTI Mutual Fund,162190
2021-08-01,118989,UTI Mastershare Fund - Direct Plan - Growth,15003.02,UTI Mutual Fund,155941
2021-09-01,118989,UTI Mastershare Fund - Direct Plan - Growth,15307.78,UTI Mutual Fund,484085
2021-10-01,118989,UTI Mastershare Fund - Direct Plan - Growth,15547.28,UTI Mutual Fund,332369
2021-11-01,118989,UTI Mastershare Fund - Direct Plan - Growth,15388.23,UTI Mutual Fund,192151
2021-12-01,118989,UTI Mastershare Fund - Direct Plan - Growth,15338.57,UTI Mutual Fund,344659
2022-01-01,118989,UTI Mastershare Fund - Direct Plan - Growth,15209.47,UTI Mutual Fund,414994
2022-02-01,118989,UTI Mastershare Fund - Direct Plan - Growth,15158.46,UTI Mutual Fund,192407
2022-03-01,118989,UTI Mastershare Fund - Direct Plan - Growth,15426.72,UTI Mutual Fund,121970
2022-04-01,118989,UTI Mastershare Fund - Direct Plan - Growth,14593.27,UTI Mutual Fund,107266
2022-05-01,118989,UTI Mastershare Fund - Direct Plan - Growth,14633.69,UTI Mutual Fund,372792
2022-06-01,118989,UTI Mastershare Fund - Direct Plan - Growth,14860.5,UTI Mutual Fund,438440
2022-07-01,118989,UTI Mastershare Fund - Direct Plan - Growth,14680.47,UTI Mutual Fund,357668
2022-08-01,118989,UTI Mastershare Fund - Direct Plan - Growth,14542.77,UTI Mutual Fund,175452
2022-09-01,118989,UTI Mastershare Fund - Direct Plan - Growth,14418.98,UTI Mutual Fund,177117
2022-10-01,118989,UTI Mastershare Fund - Direct Plan - Growth,14283.86,UTI Mutual Fund,76615
2022-11-01,118989,UTI Mastershare Fund - Direct Plan - Growth,14357.8,UTI Mutual Fund,401185
2022-12-01,118989,UTI Mastershare Fund - Direct Plan - Growth,14485.15,UTI Mutual Fund,328418
2023-01-01,118989,UTI Mastershare Fund - Direct Plan - Growth,13644.79,UTI Mutual Fund,168316
2023-02-01,118989,UTI Mastershare Fund - Direct Plan - Growth,13980.27,UTI Mutual Fund,384466
2023-03-01,118989,UTI Mastershare Fund - Direct Plan - Growth,13928.54,UTI Mutual Fund,172073
2023-04-01,118989,UTI Mastershare Fund - Direct Plan - Growth,14805.88,UTI Mutual Fund,77520
2023-05-01,118989,UTI Mastershare Fund - Direct Plan - Growth,14350.61,UTI Mutual Fund,102532
2023-06-01,118989,UTI Mastershare Fund - Direct Plan - Growth,14048.97,UTI Mutual Fund,266688
2023-07-01,118989,UTI Mastershare Fund - Direct Plan - Growth,14033.69,UTI Mutual Fund,223168
2023-08-01,118989,UTI Mastershare Fund - Direct Plan - Growth,14277.83,UTI Mutual Fund,426102
2023-09-01,118989,UTI Mastershare Fund - Direct Plan - Growth,13513.64,UTI Mutual Fund,297675
2023-10-01,118989,UTI Mastershare Fund - Direct Plan - Growth,13245.09,UTI Mutual Fund,102714
2023-11-01,118989,UTI Mastershare Fund - Direct Plan - Growth,13546.27,UTI Mutual Fund,407140
2023-12-01,118989,UTI Mastershare Fund - Direct Plan - Growth,13228.7,UTI Mutual Fund,454103
2019-01-01,119226,Tata Large Cap Fund - Direct Plan - Growth,4680.68,Tata Mutual Fund,338543
2019-02-01,119226,Tata Large Cap Fund - Direct Plan - Growth,4640.35,Tata Mutual Fund,132806
2019-03-01,119226,Tata Large Cap Fund - Direct Plan - Growth,4538.35,Tata Mutual Fund,263336
2019-04-01,119226,Tata Large Cap Fund - Direct Plan - Growth,4644.13,Tata Mutual Fund,392303
2019-05-01,119226,Tata Large Cap Fund - Direct Plan - Growth,4891.33,Tata Mutual Fund,299403
2019-06-01,119226,Tata Large Cap Fund - Direct Plan - Growth,4976.88,Tata Mutual Fund,300320
2019-07-01,119226,Tata Large Cap Fund - Direct Plan - Growth,5189.96,Tata Mutual Fund,391069
2019-08-01,119226,Tata Large Cap Fund - Direct Plan - Growth,5476.96,Tata Mutual Fund,154572
2019-09-01,119226,Tata Large Cap Fund - Direct Plan - Growth,5352.87,Tata Mutual Fund,446315
2019-10-01,119226,Tata Large Cap Fund - Direct Plan - Growth,5530.33,Tata Mutual Fund,200599
2019-11-01,119226,Tata Large Cap Fund - Direct Plan - Growth,5305.22,Tata Mutual Fund,218384
2019-12-01,119226,Tata Large Cap Fund - Direct Plan - Growth,5399.38,Tata Mutual Fund,199639
2020-01-01,119226,Tata Large Cap Fund - Direct Plan - Growth,5414.82,Tata Mutual Fund,388636
2020-02-01,119226,Tata Large Cap Fund - Direct Plan - Growth,5643.81,Tata Mutual Fund,81018
2020-03-01,119226,Tata Large Cap Fund - Direct Plan - Growth,5870.5,Tata Mutual Fund,453033
2020-04-01,119226,Tata Large Cap Fund - Direct Plan - Growth,6000.2,Tata Mutual Fund,96903
2020-05-01,119226,Tata Large Cap Fund - Direct Plan - Growth,6083.92,Tata Mutual Fund,391992
2020-06-01,119226,Tata Large Cap Fund - Direct Plan - Growth,6207.13,Tata Mutual Fund,351011
2020-07-01,119226,Tata Large Cap Fund - Direct Plan - Growth,6249.67,Tata Mutual Fund,171750
2020-08-01,119226,Tata Large Cap Fund - Direct Plan - Growth,6269.44,Tata Mutual Fund,330573
2020-09-01,119226,Tata Large Cap Fund - Direct Plan - Growth,6572.11,Tata Mutual Fund,437284
2020-10-01,119226,Tata Large Cap Fund - Direct Plan - Growth,6913.12,Tata Mutual Fund,429121
2020-11-01,119226,Tata Large Cap Fund - Direct Plan - Growth,6918.31,Tata Mutual Fund,495819
2020-12-01,119226,Tata Large Cap Fund - Direct Plan - Growth,7002.22,Tata Mutual Fund,69555
2021-01-01,119226,Tata Large Cap Fund - Direct Plan - Growth,7054.38,Tata Mutual Fund,141784
2021-02-01,119226,Tata Large Cap Fund - Direct Plan - Growth,6748.57,Tata Mutual Fund,269092
2021-03-01,119226,Tata Large Cap Fund - Direct Plan - Growth,6714.2,Tata Mutual Fund,489146
2021-04-01,119226,Tata Large Cap Fund - Direct Plan - Growth,7069.99,Tata Mutual Fund,142163
2021-05-01,119226,Tata Large Cap Fund - Direct Plan - Growth,6946.31,Tata Mutual Fund,69052
2021-06-01,119226,Tata Large Cap Fund - Direct Plan - Growth,7421.69,Tata Mutual Fund,488411
2021-07-01,119226,Tata Large Cap Fund - Direct Plan - Growth,7719.78,Tata Mutual Fund,258139
2021-08-01,119226,Tata Large Cap Fund - Direct Plan - Growth,7851.36,Tata Mutual Fund,463118
2021-09-01,119226,Tata Large Cap Fund - Direct Plan - Growth,8022.72,Tata Mutual Fund,309723
2021-10-01,119226,Tata Large Cap Fund - Direct Plan - Growth,7842.08,Tata Mutual Fund,147680
2021-11-01,119226,Tata Large Cap Fund - Direct Plan - Growth,7818.89,Tata Mutual Fund,442693
2021-12-01,119226,Tata Large Cap Fund - Direct Plan - Growth,8196.09,Tata Mutual Fund,201764
2022-01-01,119226,Tata Large Cap Fund - Direct Plan - Growth,8085.97,Tata Mutual Fund,69643
2022-02-01,119226,Tata Large Cap Fund - Direct Plan - Growth,8383.8,Tata Mutual Fund,54858
2022-03-01,119226,Tata Large Cap Fund - Direct Plan - Growth,8079.38,Tata Mutual Fund,206443
2022-04-01,119226,Tata Large Cap Fund - Direct Plan - Growth,7829.36,Tata Mutual Fund,347775
2022-05-01,119226,Tata Large Cap Fund - Direct Plan - Growth,8315.11,Tata Mutual Fund,366031
2022-06-01,119226,Tata Large Cap Fund - Direct Plan - Growth,8353.73,Tata Mutual Fund,106256
2022-07-01,119226,Tata Large Cap Fund - Direct Plan - Growth,8260.55,Tata Mutual Fund,225658
2022-08-01,119226,Tata Large Cap Fund - Direct Plan - Growth,8639.56,Tata Mutual Fund,199192
2022-09-01,119226,Tata Large Cap Fund - Direct Plan - Growth,9005.66,Tata Mutual Fund,288209
2022-10-01,119226,Tata Large Cap Fund - Direct Plan - Growth,9299.44,Tata Mutual Fund,386232
2022-11-01,119226,Tata Large Cap Fund - Direct Plan - Growth,9186.95,Tata Mutual Fund,334845
2022-12-01,119226,Tata Large Cap Fund - Direct Plan - Growth,9153.81,Tata Mutual Fund,324893
2023-01-01,119226,Tata Large Cap Fund - Direct Plan - Growth,9285.15,Tata Mutual Fund,308952
2023-02-01,119226,Tata Large Cap Fund - Direct Plan - Growth,9525.01,Tata Mutual Fund,120359
2023-03-01,119226,Tata Large Cap Fund - Direct Plan - Growth,9427.33,Tata Mutual Fund,496200
2023-04-01,119226,Tata Large Cap Fund - Direct Plan - Growth,9522.76,Tata Mutual Fund,314352
2023-05-01,119226,Tata Large Cap Fund - Direct Plan - Growth,9646.76,Tata Mutual Fund,295377
2023-06-01,119226,Tata Large Cap Fund - Direct Plan - Growth,10067.39,Tata Mutual Fund,193045
2023-07-01,119226,Tata Large Cap Fund - Direct Plan - Growth,10345.59,Tata Mutual Fund,151088
2023-08-01,119226,Tata Large Cap Fund - Direct Plan - Growth,9929.66,Tata Mutual Fund,474051
2023-09-01,119226,Tata Large Cap Fund - Direct Plan - Growth,9915.67,Tata Mutual Fund,109059
2023-10-01,119226,Tata Large Cap Fund - Direct Plan - Growth,9688.96,Tata Mutual Fund,223373
2023-11-01,119226,Tata Large Cap Fund - Direct Plan - Growth,9902.53,Tata Mutual Fund,135193
2023-12-01,119226,Tata Large Cap Fund - Direct Plan - Growth,10226.29,Tata Mutual Fund,433317
2019-01-01,120178,Aditya Birla SL Frontline Equity - Direct,10343.02,Aditya Birla Sun Life Mutual Fund,184880
2019-02-01,120178,Aditya Birla SL Frontline Equity - Direct,10311.54,Aditya Birla Sun Life Mutual Fund,426752
2019-03-01,120178,Aditya Birla SL Frontline Equity - Direct,10384.5,Aditya Birla Sun Life Mutual Fund,147621
2019-04-01,120178,Aditya Birla SL Frontline Equity - Direct,10501.5,Aditya Birla Sun Life Mutual Fund,57384
2019-05-01,120178,Aditya Birla SL Frontline Equity - Direct,10352.35,Aditya Birla Sun Life Mutual Fund,436199
2019-06-01,120178,Aditya Birla SL Frontline Equity - Direct,10025.62,Aditya Birla Sun Life Mutual Fund,226743
2019-07-01,120178,Aditya Birla SL Frontline Equity - Direct,9459.13,Aditya Birla Sun Life Mutual Fund,464589
2019-08-01,120178,Aditya Birla SL Frontline Equity - Direct,9866.02,Aditya Birla Sun Life Mutual Fund,204677
2019-09-01,120178,Aditya Birla SL Frontline Equity - Direct,10062.26,Aditya Birla Sun Life Mutual Fund,347680
2019-10-01,120178,Aditya Birla SL Frontline Equity - Direct,10222.0,Aditya Birla Sun Life Mutual Fund,403580
2019-11-01,120178,Aditya Birla SL Frontline Equity - Direct,10661.1,Aditya Birla Sun Life Mutual Fund,447034
2019-12-01,120178,Aditya Birla SL Frontline Equity - Direct,10312.86,Aditya Birla Sun Life Mutual Fund,151272
2020-01-01,120178,Aditya Birla SL Frontline Equity - Direct,9827.45,Aditya Birla Sun Life Mutual Fund,142009
2020-02-01,120178,Aditya Birla SL Frontline Equity - Direct,9989.87,Aditya Birla Sun Life Mutual Fund,370316
2020-03-01,120178,Aditya Birla SL Frontline Equity - Direct,10127.71,Aditya Birla Sun Life Mutual Fund,498867
2020-04-01,120178,Aditya Birla SL Frontline Equity - Direct,9652.32,Aditya Birla Sun Life Mutual Fund,384876
2020-05-01,120178,Aditya Birla SL Frontline Equity - Direct,9804.69,Aditya Birla Sun Life Mutual Fund,262593
2020-06-01,120178,Aditya Birla SL Frontline Equity - Direct,9735.99,Aditya Birla Sun Life Mutual Fund,483580
2020-07-01,120178,Aditya Birla SL Frontline Equity - Direct,9548.94,Aditya Birla Sun Life Mutual Fund,274239
2020-08-01,120178,Aditya Birla SL Frontline Equity - Direct,9501.17,Aditya Birla Sun Life Mutual Fund,320155
2020-09-01,120178,Aditya Birla SL Frontline Equity - Direct,8852.75,Aditya Birla Sun Life Mutual Fund,221928
2020-10-01,120178,Aditya Birla SL Frontline Equity - Direct,8739.96,Aditya Birla Sun Life Mutual Fund,95475
2020-11-01,120178,Aditya Birla SL Frontline Equity - Direct,8598.99,Aditya Birla Sun Life Mutual Fund,260152
2020-12-01,120178,Aditya Birla SL Frontline Equity - Direct,8785.7,Aditya Birla Sun Life Mutual Fund,400882
2021-01-01,120178,Aditya Birla SL Frontline Equity - Direct,8787.93,Aditya Birla Sun Life Mutual Fund,100009
2021-02-01,120178,Aditya Birla SL Frontline Equity - Direct,9000.3,Aditya Birla Sun Life Mutual Fund,146878
2021-03-01,120178,Aditya Birla SL Frontline Equity - Direct,8356.9,Aditya Birla Sun Life Mutual Fund,123721
2021-04-01,120178,Aditya Birla SL Frontline Equity - Direct,8188.32,Aditya Birla Sun Life Mutual Fund,300323
2021-05-01,120178,Aditya Birla SL Frontline Equity - Direct,8365.84,Aditya Birla Sun Life Mutual Fund,219660
2021-06-01,120178,Aditya Birla SL Frontline Equity - Direct,8330.15,Aditya Birla Sun Life Mutual Fund,180048
2021-07-01,120178,Aditya Birla SL Frontline Equity - Direct,8583.08,Aditya Birla Sun Life Mutual Fund,53580
2021-08-01,120178,Aditya Birla SL Frontline Equity - Direct,8161.33,Aditya Birla Sun Life Mutual Fund,186726
2021-09-01,120178,Aditya Birla SL Frontline Equity - Direct,8381.14,Aditya Birla Sun Life Mutual Fund,251103
2021-10-01,120178,Aditya Birla SL Frontline Equity - Direct,8262.34,Aditya Birla Sun Life Mutual Fund,173480
2021-11-01,120178,Aditya Birla SL Frontline Equity - Direct,8121.17,Aditya Birla Sun Life Mutual Fund,284218
2021-12-01,120178,Aditya Birla SL Frontline Equity - Direct,8403.23,Aditya Birla Sun Life Mutual Fund,445185
2022-01-01,120178,Aditya Birla SL Frontline Equity - Direct,8738.16,Aditya Birla Sun Life Mutual Fund,189981
2022-02-01,120178,Aditya Birla SL Frontline Equity - Direct,9053.09,Aditya Birla Sun Life Mutual Fund,222818
2022-03-01,120178,Aditya Birla SL Frontline Equity - Direct,9652.04,Aditya Birla Sun Life Mutual Fund,208306
2022-04-01,120178,Aditya Birla SL Frontline Equity - Direct,10067.12,Aditya Birla Sun Life Mutual Fund,355377
2022-05-01,120178,Aditya Birla SL Frontline Equity - Direct,9877.22,Aditya Birla Sun Life Mutual Fund,428998
2022-06-01,120178,Aditya Birla SL Frontline Equity - Direct,9968.58,Aditya Birla Sun Life Mutual Fund,350352
2022-07-01,120178,Aditya Birla SL Frontline Equity - Direct,9910.7,Aditya Birla Sun Life Mutual Fund,55995
2022-08-01,120178,Aditya Birla SL Frontline Equity - Direct,10563.54,Aditya Birla Sun Life Mutual Fund,187129
2022-09-01,120178,Aditya Birla SL Frontline Equity - Direct,10966.5,Aditya Birla Sun Life Mutual Fund,392718
2022-10-01,120178,Aditya Birla SL Frontline Equity - Direct,10959.19,Aditya Birla Sun Life Mutual Fund,238508
2022-11-01,120178,Aditya Birla SL Frontline Equity - Direct,11302.63,Aditya Birla Sun Life Mutual Fund,413210
2022-12-01,120178,Aditya Birla SL Frontline Equity - Direct,10941.33,Aditya Birla Sun Life Mutual Fund,173890
2023-01-01,120178,Aditya Birla SL Frontline Equity - Direct,11078.18,Aditya Birla Sun Life Mutual Fund,82571
2023-02-01,120178,Aditya Birla SL Frontline Equity - Direct,10821.86,Aditya Birla Sun Life Mutual Fund,400112
2023-03-01,120178,Aditya Birla SL Frontline Equity - Direct,10327.75,Aditya Birla Sun Life Mutual Fund,111983
2023-04-01,120178,Aditya Birla SL Frontline Equity - Direct,10622.47,Aditya Birla Sun Life Mutual Fund,294001
2023-05-01,120178,Aditya Birla SL Frontline Equity - Direct,10965.12,Aditya Birla Sun Life Mutual Fund,210854
2023-06-01,120178,Aditya Birla SL Frontline Equity - Direct,11170.35,Aditya Birla Sun Life Mutual Fund,133737
2023-07-01,120178,Aditya Birla SL Frontline Equity - Direct,11164.89,Aditya Birla Sun Life Mutual Fund,262555
2023-08-01,120178,Aditya Birla SL Frontline Equity - Direct,10796.55,Aditya Birla Sun Life Mutual Fund,409700
2023-09-01,120178,Aditya Birla SL Frontline Equity - Direct,10474.38,Aditya Birla Sun Life Mutual Fund,313465
2023-10-01,120178,Aditya Birla SL Frontline Equity - Direct,10222.17,Aditya Birla Sun Life Mutual Fund,418866
2023-11-01,120178,Aditya Birla SL Frontline Equity - Direct,10201.62,Aditya Birla Sun Life Mutual Fund,453618
2023-12-01,120178,Aditya Birla SL Frontline Equity - Direct,10581.99,Aditya Birla Sun Life Mutual Fund,213042
2019-01-01,119802,IDFC Large Cap Fund - Direct Plan - Growth,14956.25,IDFC Mutual Fund,384868
2019-02-01,119802,IDFC Large Cap Fund - Direct Plan - Growth,14291.34,IDFC Mutual Fund,204684
2019-03-01,119802,IDFC Large Cap Fund - Direct Plan - Growth,14065.58,IDFC Mutual Fund,242698
2019-04-01,119802,IDFC Large Cap Fund - Direct Plan - Growth,13832.02,IDFC Mutual Fund,372240
2019-05-01,119802,IDFC Large Cap Fund - Direct Plan - Growth,12850.68,IDFC Mutual Fund,165788
2019-06-01,119802,IDFC Large Cap Fund - Direct Plan - Growth,13133.18,IDFC Mutual Fund,164886
2019-07-01,119802,IDFC Large Cap Fund - Direct Plan - Growth,13101.86,IDFC Mutual Fund,120028
2019-08-01,119802,IDFC Large Cap Fund - Direct Plan - Growth,13122.9,IDFC Mutual Fund,300705
2019-09-01,119802,IDFC Large Cap Fund - Direct Plan - Growth,13718.36,IDFC Mutual Fund,130313
2019-10-01,119802,IDFC Large Cap Fund - Direct Plan - Growth,13823.3,IDFC Mutual Fund,288539
2019-11-01,119802,IDFC Large Cap Fund - Direct Plan - Growth,13713.79,IDFC Mutual Fund,442028
2019-12-01,119802,IDFC Large Cap Fund - Direct Plan - Growth,14017.72,IDFC Mutual Fund,367581
2020-01-01,119802,IDFC Large Cap Fund - Direct Plan - Growth,14533.1,IDFC Mutual Fund,245887
2020-02-01,119802,IDFC Large Cap Fund - Direct Plan - Growth,14735.02,IDFC Mutual Fund,268022
2020-03-01,119802,IDFC Large Cap Fund - Direct Plan - Growth,15113.36,IDFC Mutual Fund,418019
2020-04-01,119802,IDFC Large Cap Fund - Direct Plan - Growth,15122.92,IDFC Mutual Fund,337957
2020-05-01,119802,IDFC Large Cap Fund - Direct Plan - Growth,15161.4,IDFC Mutual Fund,296849
2020-06-01,119802,IDFC Large Cap Fund - Direct Plan - Growth,15288.61,IDFC Mutual Fund,447069
2020-07-01,119802,IDFC Large Cap Fund - Direct Plan - Growth,15019.63,IDFC Mutual Fund,331814
2020-08-01,119802,IDFC Large Cap Fund - Direct Plan - Growth,14838.77,IDFC Mutual Fund,470476
2020-09-01,119802,IDFC Large Cap Fund - Direct Plan - Growth,15526.34,IDFC Mutual Fund,398176
2020-10-01,119802,IDFC Large Cap Fund - Direct Plan - Growth,16539.26,IDFC Mutual Fund,482854
2020-11-01,119802,IDFC Large Cap Fund - Direct Plan - Growth,17411.97,IDFC Mutual Fund,164510
2020-12-01,119802,IDFC Large Cap Fund - Direct Plan - Growth,16807.81,IDFC Mutual Fund,449433
2021-01-01,119802,IDFC Large Cap Fund - Direct Plan - Growth,16175.91,IDFC Mutual Fund,179743
2021-02-01,119802,IDFC Large Cap Fund - Direct Plan - Growth,15678.97,IDFC Mutual Fund,406695
2021-03-01,119802,IDFC Large Cap Fund - Direct Plan - Growth,15820.57,IDFC Mutual Fund,445700
2021-04-01,119802,IDFC Large Cap Fund - Direct Plan - Growth,14566.61,IDFC Mutual Fund,362378
2021-05-01,119802,IDFC Large Cap Fund - Direct Plan - Growth,14382.13,IDFC Mutual Fund,462809
2021-06-01,119802,IDFC Large Cap Fund - Direct Plan - Growth,15061.16,IDFC Mutual Fund,92923
2021-07-01,119802,IDFC Large Cap Fund - Direct Plan - Growth,15580.36,IDFC Mutual Fund,325516
2021-08-01,119802,IDFC Large Cap Fund - Direct Plan - Growth,15420.31,IDFC Mutual Fund,284224
2021-09-01,119802,IDFC Large Cap Fund - Direct Plan - Growth,15296.94,IDFC Mutual Fund,326914
2021-10-01,119802,IDFC Large Cap Fund - Direct Plan - Growth,15633.73,IDFC Mutual Fund,418976
2021-11-01,119802,IDFC Large Cap Fund - Direct Plan - Growth,16150.55,IDFC Mutual Fund,239679
2021-12-01,119802,IDFC Large Cap Fund - Direct Plan - Growth,15972.99,IDFC Mutual Fund,90948
2022-01-01,119802,IDFC Large Cap Fund - Direct Plan - Growth,15940.55,IDFC Mutual Fund,345786
2022-02-01,119802,IDFC Large Cap Fund - Direct Plan - Growth,15749.58,IDFC Mutual Fund,108829
2022-03-01,119802,IDFC Large Cap Fund - Direct Plan - Growth,15199.28,IDFC Mutual Fund,82379
2022-04-01,119802,IDFC Large Cap Fund - Direct Plan - Growth,15175.08,IDFC Mutual Fund,484516
2022-05-01,119802,IDFC Large Cap Fund - Direct Plan - Growth,15116.23,IDFC Mutual Fund,337125
2022-06-01,119802,IDFC Large Cap Fund - Direct Plan - Growth,14620.13,IDFC Mutual Fund,315020
2022-07-01,119802,IDFC Large Cap Fund - Direct Plan - Growth,14976.6,IDFC Mutual Fund,155988
2022-08-01,119802,IDFC Large Cap Fund - Direct Plan - Growth,15268.64,IDFC Mutual Fund,350260
2022-09-01,119802,IDFC Large Cap Fund - Direct Plan - Growth,15663.66,IDFC Mutual Fund,331364
2022-10-01,119802,IDFC Large Cap Fund - Direct Plan - Growth,15381.06,IDFC Mutual Fund,128565
2022-11-01,119802,IDFC Large Cap Fund - Direct Plan - Growth,14542.68,IDFC Mutual Fund,136264
2022-12-01,119802,IDFC Large Cap Fund - Direct Plan - Growth,14819.28,IDFC Mutual Fund,222028
2023-01-01,119802,IDFC Large Cap Fund - Direct Plan - Growth,14598.13,IDFC Mutual Fund,497996
2023-02-01,119802,IDFC Large Cap Fund - Direct Plan - Growth,14281.05,IDFC Mutual Fund,322808
2023-03-01,119802,IDFC Large Cap Fund - Direct Plan - Growth,13813.9,IDFC Mutual Fund,281651
2023-04-01,119802,IDFC Large Cap Fund - Direct Plan - Growth,13768.87,IDFC Mutual Fund,110943
2023-05-01,119802,IDFC Large Cap Fund - Direct Plan - Growth,14489.25,IDFC Mutual Fund,406670
2023-06-01,119802,IDFC Large Cap Fund - Direct Plan - Growth,14341.99,IDFC Mutual Fund,157689
2023-07-01,119802,IDFC Large Cap Fund - Direct Plan - Growth,13944.8,IDFC Mutual Fund,425871
2023-08-01,119802,IDFC Large Cap Fund - Direct Plan - Growth,14287.26,IDFC Mutual Fund,355737
2023-09-01,119802,IDFC Large Cap Fund - Direct Plan - Growth,14432.77,IDFC Mutual Fund,306286
2023-10-01,119802,IDFC Large Cap Fund - Direct Plan - Growth,13587.31,IDFC Mutual Fund,97679
2023-11-01,119802,IDFC Large Cap Fund - Direct Plan - Growth,13925.23,IDFC Mutual Fund,317583
2023-12-01,119802,IDFC Large Cap Fund - Direct Plan - Growth,14884.04,IDFC Mutual Fund,283561
2019-01-01,120654,Invesco India Largecap Fund - Direct - Growth,15347.57,Invesco Mutual Fund,287729
2019-02-01,120654,Invesco India Largecap Fund - Direct - Growth,14855.36,Invesco Mutual Fund,119176
2019-03-01,120654,Invesco India Largecap Fund - Direct - Growth,13660.16,Invesco Mutual Fund,319089
2019-04-01,120654,Invesco India Largecap Fund - Direct - Growth,13697.6,Invesco Mutual Fund,267802
2019-05-01,120654,Invesco India Largecap Fund - Direct - Growth,14173.06,Invesco Mutual Fund,289493
2019-06-01,120654,Invesco India Largecap Fund - Direct - Growth,14288.78,Invesco Mutual Fund,345651
2019-07-01,120654,Invesco India Largecap Fund - Direct - Growth,14956.93,Invesco Mutual Fund,80270
2019-08-01,120654,Invesco India Largecap Fund - Direct - Growth,15404.39,Invesco Mutual Fund,342970
2019-09-01,120654,Invesco India Largecap Fund - Direct - Growth,16268.02,Invesco Mutual Fund,292419
2019-10-01,120654,Invesco India Largecap Fund - Direct - Growth,16915.59,Invesco Mutual Fund,402724
2019-11-01,120654,Invesco India Largecap Fund - Direct - Growth,16795.69,Invesco Mutual Fund,473056
2019-12-01,120654,Invesco India Largecap Fund - Direct - Growth,16913.29,Invesco Mutual Fund,211569
2020-01-01,120654,Invesco India Largecap Fund - Direct - Growth,16557.09,Invesco Mutual Fund,429207
2020-02-01,120654,Invesco India Largecap Fund - Direct - Growth,16525.31,Invesco Mutual Fund,61413
2020-03-01,120654,Invesco India Largecap Fund - Direct - Growth,16638.59,Invesco Mutual Fund,257591
2020-04-01,120654,Invesco India Largecap Fund - Direct - Growth,16679.4,Invesco Mutual Fund,183408
2020-05-01,120654,Invesco India Largecap Fund - Direct - Growth,17434.43,Invesco Mutual Fund,478056
2020-06-01,120654,Invesco India Largecap Fund - Direct - Growth,17348.92,Invesco Mutual Fund,51580
2020-07-01,120654,Invesco India Largecap Fund - Direct - Growth,16950.54,Invesco Mutual Fund,441016
2020-08-01,120654,Invesco India Largecap Fund - Direct - Growth,16593.08,Invesco Mutual Fund,164243
2020-09-01,120654,Invesco India Largecap Fund - Direct - Growth,17002.15,Invesco Mutual Fund,353201
2020-10-01,120654,Invesco India Largecap Fund - Direct - Growth,16371.47,Invesco Mutual Fund,88288
2020-11-01,120654,Invesco India Largecap Fund - Direct - Growth,16354.52,Invesco Mutual Fund,73744
2020-12-01,120654,Invesco India Largecap Fund - Direct - Growth,17087.61,Invesco Mutual Fund,272139
2021-01-01,120654,Invesco India Largecap Fund - Direct - Growth,17323.04,Invesco Mutual Fund,230632
2021-02-01,120654,Invesco India Largecap Fund - Direct - Growth,17370.89,Invesco Mutual Fund,417203
2021-03-01,120654,Invesco India Largecap Fund - Direct - Growth,17439.03,Invesco Mutual Fund,83428
2021-04-01,120654,Invesco India Largecap Fund - Direct - Growth,16987.58,Invesco Mutual Fund,333725
2021-05-01,120654,Invesco India Largecap Fund - Direct - Growth,16635.7,Invesco Mutual Fund,81591
2021-06-01,120654,Invesco India Largecap Fund - Direct - Growth,16621.47,Invesco Mutual Fund,86185
2021-07-01,120654,Invesco India Largecap Fund - Direct - Growth,16839.85,Invesco Mutual Fund,297501
2021-08-01,120654,Invesco India Largecap Fund - Direct - Growth,17403.05,Invesco Mutual Fund,66638
2021-09-01,120654,Invesco India Largecap Fund - Direct - Growth,17538.39,Invesco Mutual Fund,200518
2021-10-01,120654,Invesco India Largecap Fund - Direct - Growth,18337.84,Invesco Mutual Fund,264364
2021-11-01,120654,Invesco India Largecap Fund - Direct - Growth,19312.61,Invesco Mutual Fund,144362
2021-12-01,120654,Invesco India Largecap Fund - Direct - Growth,19869.93,Invesco Mutual Fund,453162
2022-01-01,120654,Invesco India Largecap Fund - Direct - Growth,20699.49,Invesco Mutual Fund,121003
2022-02-01,120654,Invesco India Largecap Fund - Direct - Growth,20187.77,Invesco Mutual Fund,451514
2022-03-01,120654,Invesco India Largecap Fund - Direct - Growth,19592.72,Invesco Mutual Fund,386343
2022-04-01,120654,Invesco India Largecap Fund - Direct - Growth,19995.14,Invesco Mutual Fund,432357
2022-05-01,120654,Invesco India Largecap Fund - Direct - Growth,19290.58,Invesco Mutual Fund,388627
2022-06-01,120654,Invesco India Largecap Fund - Direct - Growth,19218.99,Invesco Mutual Fund,270390
2022-07-01,120654,Invesco India Largecap Fund - Direct - Growth,19759.73,Invesco Mutual Fund,246325
2022-08-01,120654,Invesco India Largecap Fund - Direct - Growth,20696.37,Invesco Mutual Fund,250529
2022-09-01,120654,Invesco India Largecap Fund - Direct - Growth,20642.01,Invesco Mutual Fund,285162
2022-10-01,120654,Invesco India Largecap Fund - Direct - Growth,20342.73,Invesco Mutual Fund,247916
2022-11-01,120654,Invesco India Largecap Fund - Direct - Growth,20640.02,Invesco Mutual Fund,246946
2022-12-01,120654,Invesco India Largecap Fund - Direct - Growth,20078.48,Invesco Mutual Fund,92074
2023-01-01,120654,Invesco India Largecap Fund - Direct - Growth,20074.5,Invesco Mutual Fund,407947
2023-02-01,120654,Invesco India Largecap Fund - Direct - Growth,20170.05,Invesco Mutual Fund,396969
2023-03-01,120654,Invesco India Largecap Fund - Direct - Growth,20253.97,Invesco Mutual Fund,332748
2023-04-01,120654,Invesco India Largecap Fund - Direct - Growth,20409.02,Invesco Mutual Fund,119724
2023-05-01,120654,Invesco India Largecap Fund - Direct - Growth,20000.11,Invesco Mutual Fund,392640
2023-06-01,120654,Invesco India Largecap Fund - Direct - Growth,19663.91,Invesco Mutual Fund,232331
2023-07-01,120654,Invesco India Largecap Fund - Direct - Growth,19321.5,Invesco Mutual Fund,112197
2023-08-01,120654,Invesco India Largecap Fund - Direct - Growth,18479.02,Invesco Mutual Fund,143571
2023-09-01,120654,Invesco India Largecap Fund - Direct - Growth,18760.92,Invesco Mutual Fund,331678
2023-10-01,120654,Invesco India Largecap Fund - Direct - Growth,19358.26,Invesco Mutual Fund,256075
2023-11-01,120654,Invesco India Largecap Fund - Direct - Growth,19917.51,Invesco Mutual Fund,327265
2023-12-01,120654,Invesco India Largecap Fund - Direct - Growth,19860.25,Invesco Mutual Fund,116766
